-- phpMyAdmin SQL Dump
-- version 3.4.9
-- http://www.phpmyadmin.net
--
-- Хост: localhost
-- Время создания: Мар 12 2012 г., 11:54
-- Версия сервера: 5.1.61
-- Версия PHP: 5.2.6

SET SQL_MODE="NO_AUTO_VALUE_ON_ZERO";
SET time_zone = "+00:00";


/*!40101 SET @OLD_CHARACTER_SET_CLIENT=@@CHARACTER_SET_CLIENT */;
/*!40101 SET @OLD_CHARACTER_SET_RESULTS=@@CHARACTER_SET_RESULTS */;
/*!40101 SET @OLD_COLLATION_CONNECTION=@@COLLATION_CONNECTION */;
/*!40101 SET NAMES utf8 */;

--
-- База данных: `bhwpntpf_collage`
--

-- --------------------------------------------------------

--
-- Структура таблицы `account_userprofile`
--

CREATE TABLE IF NOT EXISTS `account_userprofile` (
  `id` int(11) NOT NULL AUTO_INCREMENT,
  `user_id` int(11) NOT NULL,
  `auth_key` varchar(50) NOT NULL,
  `address` varchar(255) NOT NULL,
  `name` varchar(255) NOT NULL,
  `phone` varchar(50) NOT NULL,
  `created` datetime NOT NULL,
  PRIMARY KEY (`id`),
  UNIQUE KEY `user_id` (`user_id`)
) ENGINE=InnoDB  DEFAULT CHARSET=utf8 AUTO_INCREMENT=6 ;

--
-- Дамп данных таблицы `account_userprofile`
--

INSERT INTO `account_userprofile` (`id`, `user_id`, `auth_key`, `address`, `name`, `phone`, `created`) VALUES
(1, 1, '', '', '', '', '2012-02-05 19:23:46'),
(2, 2, '-==KEY-CONFIRMED==-', 'Testing street', 'Aries', '123456789', '2012-02-12 16:26:48'),
(3, 3, '-==KEY-CONFIRMED==-', 'Nikolaev', 'mitas', '0504932803', '2012-02-24 23:37:59'),
(4, 4, '', '', '', '', '2012-02-28 16:35:29'),
(5, 5, '8da86fe55913ba6d029b364504a589b2', 'Butomy 2a', 'alex', '2342342342', '2012-03-07 12:48:28');

-- --------------------------------------------------------

--
-- Структура таблицы `auth_group`
--

CREATE TABLE IF NOT EXISTS `auth_group` (
  `id` int(11) NOT NULL AUTO_INCREMENT,
  `name` varchar(80) NOT NULL,
  PRIMARY KEY (`id`),
  UNIQUE KEY `name` (`name`)
) ENGINE=InnoDB DEFAULT CHARSET=utf8 AUTO_INCREMENT=1 ;

-- --------------------------------------------------------

--
-- Структура таблицы `auth_group_permissions`
--

CREATE TABLE IF NOT EXISTS `auth_group_permissions` (
  `id` int(11) NOT NULL AUTO_INCREMENT,
  `group_id` int(11) NOT NULL,
  `permission_id` int(11) NOT NULL,
  PRIMARY KEY (`id`),
  UNIQUE KEY `group_id` (`group_id`,`permission_id`),
  KEY `auth_group_permissions_425ae3c4` (`group_id`),
  KEY `auth_group_permissions_1e014c8f` (`permission_id`)
) ENGINE=InnoDB DEFAULT CHARSET=utf8 AUTO_INCREMENT=1 ;

-- --------------------------------------------------------

--
-- Структура таблицы `auth_message`
--

CREATE TABLE IF NOT EXISTS `auth_message` (
  `id` int(11) NOT NULL AUTO_INCREMENT,
  `user_id` int(11) NOT NULL,
  `message` longtext NOT NULL,
  PRIMARY KEY (`id`),
  KEY `auth_message_403f60f` (`user_id`)
) ENGINE=InnoDB DEFAULT CHARSET=utf8 AUTO_INCREMENT=1 ;

-- --------------------------------------------------------

--
-- Структура таблицы `auth_permission`
--

CREATE TABLE IF NOT EXISTS `auth_permission` (
  `id` int(11) NOT NULL AUTO_INCREMENT,
  `name` varchar(50) NOT NULL,
  `content_type_id` int(11) NOT NULL,
  `codename` varchar(100) NOT NULL,
  PRIMARY KEY (`id`),
  UNIQUE KEY `content_type_id` (`content_type_id`,`codename`),
  KEY `auth_permission_1bb8f392` (`content_type_id`)
) ENGINE=InnoDB  DEFAULT CHARSET=utf8 AUTO_INCREMENT=106 ;

--
-- Дамп данных таблицы `auth_permission`
--

INSERT INTO `auth_permission` (`id`, `name`, `content_type_id`, `codename`) VALUES
(1, 'Can add permission', 1, 'add_permission'),
(2, 'Can change permission', 1, 'change_permission'),
(3, 'Can delete permission', 1, 'delete_permission'),
(4, 'Can add group', 2, 'add_group'),
(5, 'Can change group', 2, 'change_group'),
(6, 'Can delete group', 2, 'delete_group'),
(7, 'Can add user', 3, 'add_user'),
(8, 'Can change user', 3, 'change_user'),
(9, 'Can delete user', 3, 'delete_user'),
(10, 'Can add message', 4, 'add_message'),
(11, 'Can change message', 4, 'change_message'),
(12, 'Can delete message', 4, 'delete_message'),
(13, 'Can add content type', 5, 'add_contenttype'),
(14, 'Can change content type', 5, 'change_contenttype'),
(15, 'Can delete content type', 5, 'delete_contenttype'),
(16, 'Can add session', 6, 'add_session'),
(17, 'Can change session', 6, 'change_session'),
(18, 'Can delete session', 6, 'delete_session'),
(19, 'Can add site', 7, 'add_site'),
(20, 'Can change site', 7, 'change_site'),
(21, 'Can delete site', 7, 'delete_site'),
(22, 'Can add log entry', 8, 'add_logentry'),
(23, 'Can change log entry', 8, 'change_logentry'),
(24, 'Can delete log entry', 8, 'delete_logentry'),
(25, 'Can add flat page', 9, 'add_flatpage'),
(26, 'Can change flat page', 9, 'change_flatpage'),
(27, 'Can delete flat page', 9, 'delete_flatpage'),
(28, 'Can add user profile', 10, 'add_userprofile'),
(29, 'Can change user profile', 10, 'change_userprofile'),
(30, 'Can delete user profile', 10, 'delete_userprofile'),
(34, 'Can add captcha store', 12, 'add_captchastore'),
(35, 'Can change captcha store', 12, 'change_captchastore'),
(36, 'Can delete captcha store', 12, 'delete_captchastore'),
(43, 'Can add mosaic option', 15, 'add_mosaicoption'),
(44, 'Can change mosaic option', 15, 'change_mosaicoption'),
(45, 'Can delete mosaic option', 15, 'delete_mosaicoption'),
(61, 'Can add Размеры и цены', 21, 'add_mosaicprice'),
(62, 'Can change Размеры и цены', 21, 'change_mosaicprice'),
(63, 'Can delete Размеры и цены', 21, 'delete_mosaicprice'),
(67, 'Can add order', 23, 'add_order'),
(68, 'Can change order', 23, 'change_order'),
(69, 'Can delete order', 23, 'delete_order'),
(70, 'Can add Список заказов', 24, 'add_orderoption'),
(71, 'Can change Список заказов', 24, 'change_orderoption'),
(72, 'Can delete Список заказов', 24, 'delete_orderoption'),
(73, 'Can add puzzle size', 25, 'add_puzzlesize'),
(74, 'Can change puzzle size', 25, 'change_puzzlesize'),
(75, 'Can delete puzzle size', 25, 'delete_puzzlesize'),
(76, 'Can add Рамки', 26, 'add_frames'),
(77, 'Can change Рамки', 26, 'change_frames'),
(78, 'Can delete Рамки', 26, 'delete_frames'),
(79, 'Can add Упаковки', 27, 'add_packaging'),
(80, 'Can change Упаковки', 27, 'change_packaging'),
(81, 'Can delete Упаковки', 27, 'delete_packaging'),
(82, 'Can add puzzle', 28, 'add_puzzle'),
(83, 'Can change puzzle', 28, 'change_puzzle'),
(84, 'Can delete puzzle', 28, 'delete_puzzle'),
(85, 'Can add Натяжка', 29, 'add_stretch'),
(86, 'Can change Натяжка', 29, 'change_stretch'),
(87, 'Can delete Натяжка', 29, 'delete_stretch'),
(88, 'Can add Фото на холсте - Список размеров и цен', 30, 'add_cropsize'),
(89, 'Can change Фото на холсте - Список размеров и цен', 30, 'change_cropsize'),
(90, 'Can delete Фото на холсте - Список размеров и цен', 30, 'delete_cropsize'),
(91, 'Can add crop', 31, 'add_crop'),
(92, 'Can change crop', 31, 'change_crop'),
(93, 'Can delete crop', 31, 'delete_crop'),
(94, 'Can add Список размеров и цен', 32, 'add_mosaicsize'),
(95, 'Can change Список размеров и цен', 32, 'change_mosaicsize'),
(96, 'Can delete Список размеров и цен', 32, 'delete_mosaicsize'),
(97, 'Can add mosaic', 33, 'add_mosaic'),
(98, 'Can change mosaic', 33, 'change_mosaic'),
(99, 'Can delete mosaic', 33, 'delete_mosaic'),
(100, 'Can add Альбомы', 35, 'add_album'),
(101, 'Can change Альбомы', 35, 'change_album'),
(102, 'Can delete Альбомы', 35, 'delete_album'),
(103, 'Can add Изображение', 34, 'add_images'),
(104, 'Can change Изображение', 34, 'change_images'),
(105, 'Can delete Изображение', 34, 'delete_images');

-- --------------------------------------------------------

--
-- Структура таблицы `auth_user`
--

CREATE TABLE IF NOT EXISTS `auth_user` (
  `id` int(11) NOT NULL AUTO_INCREMENT,
  `username` varchar(30) NOT NULL,
  `first_name` varchar(30) NOT NULL,
  `last_name` varchar(30) NOT NULL,
  `email` varchar(75) NOT NULL,
  `password` varchar(128) NOT NULL,
  `is_staff` tinyint(1) NOT NULL,
  `is_active` tinyint(1) NOT NULL,
  `is_superuser` tinyint(1) NOT NULL,
  `last_login` datetime NOT NULL,
  `date_joined` datetime NOT NULL,
  PRIMARY KEY (`id`),
  UNIQUE KEY `username` (`username`)
) ENGINE=InnoDB  DEFAULT CHARSET=utf8 AUTO_INCREMENT=6 ;

--
-- Дамп данных таблицы `auth_user`
--

INSERT INTO `auth_user` (`id`, `username`, `first_name`, `last_name`, `email`, `password`, `is_staff`, `is_active`, `is_superuser`, `last_login`, `date_joined`) VALUES
(1, 'aries.ua@gmail.com', '', '', 'aries.ua@gmail.com', 'sha1$40982$1411c7fd6bb8df2c07493aa8979c63a1ec47f855', 1, 1, 1, '2012-03-06 14:04:51', '2011-12-09 10:00:59'),
(2, 'aries.forum@gmail.com', '', '', 'aries.forum@gmail.com', 'sha1$72e79$fc2e36ea86668febe872ca776ae4504b33359300', 0, 1, 0, '2012-02-24 09:39:19', '2011-12-09 10:02:30'),
(3, 'mitas@oreh.it', '', '', 'mitas@oreh.it', 'sha1$a90b2$4c43b7b767531211d72507a65ec2969e47e88fec', 0, 1, 0, '2012-02-24 23:47:20', '2012-02-24 23:35:31'),
(4, 'Artur', 'Артур', 'Сотников', 'info@hostproff.com', 'sha1$b7098$f797eddbc7fa07bb6308869656cda5c80a3f7905', 1, 1, 0, '2012-02-29 15:49:11', '2012-02-28 16:35:29'),
(5, 'mitas@webdevelopment.us', '', '', 'mitas@webdevelopment.us', 'sha1$ee9ba$43d74cf7bb88902c5c8da90de698756f81a1f375', 0, 0, 0, '2012-03-07 12:48:28', '2012-03-07 12:48:28');

-- --------------------------------------------------------

--
-- Структура таблицы `auth_user_groups`
--

CREATE TABLE IF NOT EXISTS `auth_user_groups` (
  `id` int(11) NOT NULL AUTO_INCREMENT,
  `user_id` int(11) NOT NULL,
  `group_id` int(11) NOT NULL,
  PRIMARY KEY (`id`),
  UNIQUE KEY `user_id` (`user_id`,`group_id`),
  KEY `auth_user_groups_403f60f` (`user_id`),
  KEY `auth_user_groups_425ae3c4` (`group_id`)
) ENGINE=InnoDB DEFAULT CHARSET=utf8 AUTO_INCREMENT=1 ;

-- --------------------------------------------------------

--
-- Структура таблицы `auth_user_user_permissions`
--

CREATE TABLE IF NOT EXISTS `auth_user_user_permissions` (
  `id` int(11) NOT NULL AUTO_INCREMENT,
  `user_id` int(11) NOT NULL,
  `permission_id` int(11) NOT NULL,
  PRIMARY KEY (`id`),
  UNIQUE KEY `user_id` (`user_id`,`permission_id`),
  KEY `auth_user_user_permissions_403f60f` (`user_id`),
  KEY `auth_user_user_permissions_1e014c8f` (`permission_id`)
) ENGINE=InnoDB  DEFAULT CHARSET=utf8 AUTO_INCREMENT=19 ;

--
-- Дамп данных таблицы `auth_user_user_permissions`
--

INSERT INTO `auth_user_user_permissions` (`id`, `user_id`, `permission_id`) VALUES
(13, 4, 100),
(14, 4, 101),
(15, 4, 102),
(16, 4, 103),
(17, 4, 104),
(18, 4, 105);

-- --------------------------------------------------------

--
-- Структура таблицы `cart_order`
--

CREATE TABLE IF NOT EXISTS `cart_order` (
  `id` int(11) NOT NULL AUTO_INCREMENT,
  `user_id` int(11) DEFAULT NULL,
  `nouser` varchar(32) NOT NULL,
  `price` double NOT NULL,
  `shiping_price` double NOT NULL,
  `address` varchar(255) NOT NULL,
  `email` varchar(100) NOT NULL,
  `name` varchar(255) NOT NULL,
  `phone` varchar(50) NOT NULL,
  `status` tinyint(1) NOT NULL,
  `created` datetime NOT NULL,
  PRIMARY KEY (`id`),
  KEY `cart_order_403f60f` (`user_id`)
) ENGINE=InnoDB  DEFAULT CHARSET=utf8 AUTO_INCREMENT=8 ;

--
-- Дамп данных таблицы `cart_order`
--

INSERT INTO `cart_order` (`id`, `user_id`, `nouser`, `price`, `shiping_price`, `address`, `email`, `name`, `phone`, `status`, `created`) VALUES
(1, 1, '', 41, 0, 'Butomy 2a', 'aries.ua@gmail.com', 'Aleksandr Mitasov', '2342342342', 0, '2012-02-23 15:48:54'),
(2, 2, '', 42, 0, 'Testing street', 'aries.forum@gmail.com', 'Aries', '123456789', 0, '2012-02-25 07:47:24'),
(3, NULL, '2c66b58789ad69029a9a2784e20751ae', 30, 0, 'Butomy 2a', 'mitasych@gmail.com', 'Aleksandr Mitasov', '80504932803', 0, '2012-03-09 09:18:06'),
(4, NULL, '2c66b58789ad69029a9a2784e20751ae', 10, 0, 'Butomy 2a', 'mitasych@gmail.com', 'Aleksandr Mitasov', '380504932803', 0, '2012-03-09 11:51:56'),
(5, NULL, '2c66b58789ad69029a9a2784e20751ae', 10, 0, 'Butomy 2a', 'mitasych@gmail.com', 'Aleksandr Mitasov', '0504932803', 0, '2012-03-09 11:54:21'),
(6, NULL, '2c66b58789ad69029a9a2784e20751ae', 10, 0, 'Butomy 2a', 'mitasych@gmail.com', 'Aleksandr Mitasov', '0504932803', 0, '2012-03-09 15:01:35'),
(7, NULL, '2c66b58789ad69029a9a2784e20751ae', 10, 0, 'Butomy 2a', 'mitasych@gmail.com', 'Aleksandr Mitasov', '0504932803', 0, '2012-03-09 15:05:27');

-- --------------------------------------------------------

--
-- Структура таблицы `cart_orderoption`
--

CREATE TABLE IF NOT EXISTS `cart_orderoption` (
  `id` int(11) NOT NULL AUTO_INCREMENT,
  `order_id` int(11) NOT NULL,
  `type_id` int(11) NOT NULL,
  `price` double NOT NULL,
  `img` varchar(32) NOT NULL,
  `f_0` varchar(32) NOT NULL,
  `f_1` varchar(32) NOT NULL,
  `f_2` varchar(32) NOT NULL,
  `f_3` varchar(32) NOT NULL,
  `f_4` varchar(32) NOT NULL,
  `f_5` varchar(32) NOT NULL,
  `f_6` varchar(32) NOT NULL,
  `f_7` varchar(32) NOT NULL,
  `f_8` varchar(32) NOT NULL,
  `options` longtext NOT NULL,
  PRIMARY KEY (`id`),
  KEY `cart_orderoption_7cc8fcf5` (`order_id`)
) ENGINE=InnoDB  DEFAULT CHARSET=utf8 AUTO_INCREMENT=10 ;

--
-- Дамп данных таблицы `cart_orderoption`
--

INSERT INTO `cart_orderoption` (`id`, `order_id`, `type_id`, `price`, `img`, `f_0`, `f_1`, `f_2`, `f_3`, `f_4`, `f_5`, `f_6`, `f_7`, `f_8`, `options`) VALUES
(1, 1, 1, 41, '0101dec10b4276a267de19dbe35bd9f5', '', '', '', '', '', '', '', '', '', 'Натяжка - Стандартная натяжка\nОриентация - Книжная\nРазмер - 40x30 см\nЭффекты - Сепия\nРамка - A052-1299\nУпаковка - gold\nВерхняя координата X - 325\nВерхняя координата Y - 0\nНижняя координата X - 2052\nНижняя координата Y - 2304\nКоличество - 1\nЦена - 41.0\nСумма - 41.0'),
(2, 2, 1, 42, 'f1aea6d70bd8425ce056f2bb1604f8c9', '', '', '', '', '', '', '', '', '', 'Натяжка - Стандартная натяжка\nОриентация - Альбомная\nРазмер - 40x30 см\nЭффекты - Нет\nРамка - A052-1299\nУпаковка - noel\nВерхняя координата X - 4\nВерхняя координата Y - 0\nНижняя координата X - 2043\nНижняя координата Y - 1531\nКоличество - 1\nЦена - 42.0\nСумма - 42.0'),
(3, 3, 1, 10, '1c2a3dd2ef90a102963c4f29e8baf225', '', '', '', '', '', '', '', '', '', 'Натяжка - Стандартная натяжка\nОриентация - Альбомная\nРазмер - 30x20 см\nЭффекты - Нет\nРамка - Нет\nУпаковка - Нет\nВерхняя координата X - 0\nВерхняя координата Y - 29\nНижняя координата X - 698\nНижняя координата Y - 494\nКоличество - 1\nЦена - 10.0\nСумма - 10.0'),
(4, 3, 2, 10, '08bb104edfc45bfdb4f53fc424064674', '', '', '', '', '', '', '', '', '', 'Натяжка - Стандартная натяжка\nРазмер - 4-45x45\nЭффекты - Нет\nРамка - Нет\nУпаковка - Нет\nВерхняя координата X - 380\nВерхняя координата Y - 0\nНижняя координата X - 2684\nНижняя координата Y - 2304\nКоличество - 1\nЦена - 10.0\nСумма - 10.0'),
(5, 3, 3, 10, '', 'dd07d66881fc3f09d48c7eed7e4cedaf', '', '', '', '', '', '', '', '', 'Тип - Квадрат\nРазмер - 12x12 см\nЭффекты - Нет\nРамка - Нет\nУпаковка - Нет\nКоличество - 1\nЦена - 10.0\nСумма - 10.0'),
(6, 4, 2, 10, '08bb104edfc45bfdb4f53fc424064674', '', '', '', '', '', '', '', '', '', 'Натяжка - Стандартная натяжка\nРазмер - 4-45x45\nЭффекты - Нет\nРамка - Нет\nУпаковка - Нет\nВерхняя координата X - 380\nВерхняя координата Y - 0\nНижняя координата X - 2684\nНижняя координата Y - 2304\nКоличество - 1\nЦена - 10.0\nСумма - 10.0'),
(7, 5, 2, 10, '08bb104edfc45bfdb4f53fc424064674', '', '', '', '', '', '', '', '', '', 'Натяжка - Стандартная натяжка\nРазмер - 4-45x45\nЭффекты - Нет\nРамка - Нет\nУпаковка - Нет\nВерхняя координата X - 380\nВерхняя координата Y - 0\nНижняя координата X - 2684\nНижняя координата Y - 2304\nКоличество - 1\nЦена - 10.0\nСумма - 10.0'),
(8, 6, 2, 10, '08bb104edfc45bfdb4f53fc424064674', '', '', '', '', '', '', '', '', '', 'Натяжка - Стандартная натяжка\nРазмер - 4-45x45\nЭффекты - Нет\nРамка - Нет\nУпаковка - Нет\nВерхняя координата X - 380\nВерхняя координата Y - 0\nНижняя координата X - 2684\nНижняя координата Y - 2304\nКоличество - 1\nЦена - 10.0\nСумма - 10.0'),
(9, 7, 2, 10, '08bb104edfc45bfdb4f53fc424064674', '', '', '', '', '', '', '', '', '', 'Натяжка - Стандартная натяжка\nРазмер - 4-45x45\nЭффекты - Нет\nРамка - Нет\nУпаковка - Нет\nВерхняя координата X - 380\nВерхняя координата Y - 0\nНижняя координата X - 2684\nНижняя координата Y - 2304\nКоличество - 1\nЦена - 10.0\nСумма - 10.0');

-- --------------------------------------------------------

--
-- Структура таблицы `common_frames`
--

CREATE TABLE IF NOT EXISTS `common_frames` (
  `id` int(11) NOT NULL AUTO_INCREMENT,
  `name` varchar(100) NOT NULL,
  `img` varchar(150) NOT NULL,
  `price` double NOT NULL,
  PRIMARY KEY (`id`)
) ENGINE=InnoDB  DEFAULT CHARSET=utf8 AUTO_INCREMENT=7 ;

--
-- Дамп данных таблицы `common_frames`
--

INSERT INTO `common_frames` (`id`, `name`, `img`, `price`) VALUES
(3, 'A052-1299', 'frames/A052-1299_2.jpg', 10),
(4, 'A052-1819', 'frames/A052-1819.jpg', 11),
(5, 'A052-2380', 'frames/A052-2380.jpg', 12),
(6, 'A052-2381', 'frames/A052-2381.jpg', 13);

-- --------------------------------------------------------

--
-- Структура таблицы `common_packaging`
--

CREATE TABLE IF NOT EXISTS `common_packaging` (
  `id` int(11) NOT NULL AUTO_INCREMENT,
  `name` varchar(100) NOT NULL,
  `img` varchar(150) NOT NULL,
  `price` double NOT NULL,
  PRIMARY KEY (`id`)
) ENGINE=InnoDB  DEFAULT CHARSET=utf8 AUTO_INCREMENT=4 ;

--
-- Дамп данных таблицы `common_packaging`
--

INSERT INTO `common_packaging` (`id`, `name`, `img`, `price`) VALUES
(1, 'gold', 'packaging/gold.jpg', 20),
(2, 'noel', 'packaging/noel.jpg', 21),
(3, 'silver', 'packaging/silver.jpg', 22);

-- --------------------------------------------------------

--
-- Структура таблицы `common_stretch`
--

CREATE TABLE IF NOT EXISTS `common_stretch` (
  `id` int(11) NOT NULL AUTO_INCREMENT,
  `name` varchar(100) NOT NULL,
  `descr` varchar(255) NOT NULL,
  `koef` double NOT NULL,
  `defrow` tinyint(1) NOT NULL,
  PRIMARY KEY (`id`)
) ENGINE=InnoDB  DEFAULT CHARSET=utf8 AUTO_INCREMENT=4 ;

--
-- Дамп данных таблицы `common_stretch`
--

INSERT INTO `common_stretch` (`id`, `name`, `descr`, `koef`, `defrow`) VALUES
(1, 'Стандартная натяжка', '', 1, 1),
(2, 'Галерейная натяжка', 'Обратите внимание! Часть изображения под светлой рамкой, будет завернута на торец подрамника.', 1, 0),
(3, 'Холст без подрамника', '', 1, 0);

-- --------------------------------------------------------

--
-- Структура таблицы `crop_crop`
--

CREATE TABLE IF NOT EXISTS `crop_crop` (
  `id` int(11) NOT NULL AUTO_INCREMENT,
  `user_id` int(11) DEFAULT NULL,
  `nouser` varchar(32) NOT NULL,
  `img` varchar(32) NOT NULL,
  `img_stretch_id` int(11) NOT NULL,
  `img_type` smallint(6) NOT NULL,
  `img_size_id` int(11) DEFAULT NULL,
  `img_effect` smallint(6) NOT NULL,
  `qty` int(11) NOT NULL,
  `frame_id` int(11) DEFAULT NULL,
  `packaging_id` int(11) DEFAULT NULL,
  `x1` int(11) NOT NULL,
  `y1` int(11) NOT NULL,
  `x2` int(11) NOT NULL,
  `y2` int(11) NOT NULL,
  `status` tinyint(1) NOT NULL,
  `created` datetime NOT NULL,
  PRIMARY KEY (`id`),
  KEY `crop_crop_403f60f` (`user_id`),
  KEY `crop_crop_470d0678` (`img_stretch_id`),
  KEY `crop_crop_5f519445` (`img_size_id`),
  KEY `crop_crop_7b89a14a` (`frame_id`),
  KEY `crop_crop_412518f8` (`packaging_id`)
) ENGINE=InnoDB  DEFAULT CHARSET=utf8 AUTO_INCREMENT=70 ;

--
-- Дамп данных таблицы `crop_crop`
--

INSERT INTO `crop_crop` (`id`, `user_id`, `nouser`, `img`, `img_stretch_id`, `img_type`, `img_size_id`, `img_effect`, `qty`, `frame_id`, `packaging_id`, `x1`, `y1`, `x2`, `y2`, `status`, `created`) VALUES
(2, 4, '', '8c9f4a1dd3e79adf9097fd9ccc71b122', 1, 1, 1, 1, 1, NULL, NULL, 0, 20, 499, 353, 0, '2012-02-23 15:53:45'),
(4, 2, '', 'f1aea6d70bd8425ce056f2bb1604f8c9', 1, 1, 2, 1, 1, 3, 2, 1, 0, 499, 374, 0, '2012-02-25 07:45:07'),
(5, 4, '', 'c0efeba02df2daaf961e749927a0f0c1', 1, 1, 1, 1, 1, NULL, NULL, 0, 0, 0, 0, 0, '2012-02-28 17:17:48'),
(7, 4, '', 'bcd025e0edaaa2131deb5b1195846404', 1, 1, 1, 1, 1, NULL, NULL, 0, 0, 0, 0, 0, '2012-02-28 17:20:40'),
(13, NULL, '1c2bcce456a7eed7a4eeca8490707123', '62134b90125664e3b3d726712367fbe3', 1, 3, 12, 1, 1, 3, 1, 4, 0, 495, 491, 0, '2012-02-29 07:09:08'),
(14, NULL, '1c2bcce456a7eed7a4eeca8490707123', 'ee42199c206e45a44b49e10fed714bde', 1, 1, 1, 1, 1, NULL, NULL, 0, 0, 0, 0, 0, '2012-02-29 07:10:21'),
(16, NULL, '7a17a198e60ff8afc227023d0e3952e0', '71b6ad986d9071eb39ea1ed7f38dbcf8', 1, 1, 1, 1, 1, NULL, NULL, 0, 0, 0, 0, 0, '2012-03-01 11:16:07'),
(31, NULL, '9cbee1cc50910e04a576793fb03bf6a5', 'dfb2ba5052de9d71317467f32d5c3fff', 1, 2, 1, 3, 1, NULL, NULL, 243, 0, 500, 385, 0, '2012-03-06 02:56:57'),
(33, NULL, '2c66b58789ad69029a9a2784e20751ae', '1c2a3dd2ef90a102963c4f29e8baf225', 1, 1, 1, 1, 1, NULL, NULL, 0, 21, 499, 353, 1, '2012-03-09 09:12:51'),
(34, NULL, '955c5c7ee420c73e4bfede174366823f', 'e2688e813007b013b988e6240c36131b', 1, 1, 1, 1, 1, NULL, NULL, 0, 0, 0, 0, 0, '2012-03-06 17:58:53'),
(35, NULL, 'ae8e64fefdfb2e0b5c3dc9c5a5acb8b7', '9e5c13e3d425333d410195e258938664', 1, 1, 1, 1, 1, NULL, NULL, 0, 0, 0, 0, 0, '2012-03-07 05:20:39'),
(38, NULL, '2114c403fdd61c52a45362b5a3528265', '55367a3451bdf71ea8477e623a263345', 1, 1, 1, 1, 1, NULL, NULL, 0, 0, 0, 0, 0, '2012-03-07 09:53:59'),
(39, NULL, '3509788b4a9ce84bb0ced67545c34c59', '9e7887bfbc26467077aab3a3b6cc50a6', 1, 1, 1, 1, 1, NULL, NULL, 0, 0, 0, 0, 0, '2012-03-07 10:12:20'),
(40, NULL, '4045b55b18784ab659678593dfc40726', '323977990db62acc2a922868cd084a41', 1, 1, 1, 1, 1, NULL, NULL, 0, 0, 0, 0, 0, '2012-03-07 10:17:17'),
(41, NULL, '1c44431df4a59b9a6c69b36e6e82e155', '4d3bc4a49ec9e8810e3b9430c7b31072', 1, 1, 1, 1, 1, NULL, NULL, 0, 0, 0, 0, 0, '2012-03-07 10:24:47'),
(42, NULL, '499cfb762d7db535490460e05bfdd809', '35a78acd4dcbc4fa57c7e939727e6a06', 1, 1, 1, 1, 1, NULL, NULL, 0, 0, 0, 0, 0, '2012-03-07 10:47:10'),
(43, NULL, '9af5164ce0c39666d44de9f56fd2ba93', '54512147c17badcf51fa88b61daebe1e', 1, 1, 1, 1, 1, NULL, NULL, 0, 0, 0, 0, 0, '2012-03-07 10:52:52'),
(44, NULL, '5f3a759d6fcc7bbd9625e9593ed5b769', '4fde8f940a8959047e264de13f8edd4a', 1, 1, 1, 1, 1, NULL, NULL, 0, 0, 0, 0, 0, '2012-03-07 11:00:07'),
(45, NULL, 'fd67fdacdcdadedfc8495b7b15e9b2d7', '5362c082dd812625b0572e8348d47ecd', 1, 1, 1, 1, 1, NULL, NULL, 0, 0, 0, 0, 0, '2012-03-07 11:23:04'),
(46, NULL, 'b958eccd22ca1478ef6f24c6996b5b23', '57ca0b415682e012fbce294080984a51', 1, 1, 1, 1, 1, NULL, NULL, 0, 0, 0, 0, 0, '2012-03-07 11:55:56'),
(47, NULL, 'd590e3b3a747e44409d08ad01a1bb633', 'd920160dcfbf90f4ff343862fd33e6a6', 1, 1, 1, 1, 1, NULL, NULL, 0, 0, 0, 0, 0, '2012-03-07 12:27:24'),
(48, NULL, '3f9851045ace164b1618ca55f9ec23d6', 'fdbe24cf703223d812cf4cd422ae7d04', 1, 1, 1, 1, 1, NULL, NULL, 0, 0, 0, 0, 0, '2012-03-07 13:06:30'),
(49, NULL, '7fed81d6d44eebfa7f46fd13e5244391', 'aa1243cfc89f4a32d42e5e94a3054399', 1, 1, 1, 1, 1, NULL, NULL, 0, 0, 0, 0, 0, '2012-03-07 13:49:02'),
(50, NULL, '549be1c3c7fcb31fe2bb4c9e021e4123', '4bb3953035c6dc0f6c749ce1a17ef8dc', 1, 1, 1, 1, 1, NULL, NULL, 0, 0, 0, 0, 0, '2012-03-07 13:59:03'),
(52, NULL, '053c029bc314ccc873cfdb5554f6a572', '2526154327b890535314417068c41827', 1, 1, 1, 1, 1, NULL, NULL, 0, 0, 0, 0, 0, '2012-03-07 14:29:51'),
(53, NULL, '0e8700660e6d5a5c22f69391704c22cc', '85b81de0b61dea72ebcf6a02590ebf18', 1, 1, 1, 1, 1, NULL, NULL, 0, 0, 0, 0, 0, '2012-03-07 15:02:38'),
(54, NULL, '5b17d2213cf3a7f3705e7a8855b2544c', 'b678323a4c7f024622d498d77c5b2c2e', 1, 1, 1, 1, 1, NULL, NULL, 0, 0, 0, 0, 0, '2012-03-07 15:02:39'),
(55, NULL, '2a74cc960a4da77cf52e68a54f1eee19', '69cea13776d0bb7a382ae2985fda2930', 1, 1, 1, 1, 1, NULL, NULL, 0, 0, 0, 0, 0, '2012-03-07 15:37:10'),
(58, NULL, '487469f8e03b7b5d4a034847ce9d12d5', 'c445016ba22e915c6a10a7a143e8bbb9', 1, 1, 1, 1, 1, NULL, NULL, 0, 20, 499, 353, 0, '2012-03-09 06:22:21'),
(59, NULL, 'c82c755b94ba91bb3c9acbc04fd83e56', '824d4782f2fc83022dde9d70e86e2757', 1, 2, 3, 3, 1, 3, 1, 76, 0, 376, 375, 0, '2012-03-08 16:56:32'),
(60, NULL, '487469f8e03b7b5d4a034847ce9d12d5', '0cc059a07116554c78933a998400d3f9', 1, 1, 1, 1, 1, NULL, NULL, 0, 0, 0, 0, 0, '2012-03-08 17:31:28'),
(61, NULL, '03280335403e9e79bef8e0698da72370', 'f4937385dd2596cf497117e7b900d0d5', 1, 1, 1, 1, 1, NULL, NULL, 0, 83, 499, 416, 0, '2012-03-09 09:10:07'),
(64, NULL, '374bd9b50b9122f439fc9eb94121d02f', 'df035bb9930d3ab3d8a8b7cbfbf6b665', 1, 1, 1, 1, 1, NULL, NULL, 0, 0, 0, 0, 0, '2012-03-10 10:07:38'),
(66, NULL, '8fce3858b5e407698b2335e48a44f6ac', 'dd4279152bf6d3116cefac36e3f0709f', 2, 1, 4, 1, 1, 3, 1, 0, 21, 499, 353, 0, '2012-03-10 12:23:02'),
(67, NULL, 'a6587ff271eda4416925607194c65677', '1aacac837aa0f4b0329214a518c53292', 1, 1, 1, 1, 1, NULL, NULL, 0, 0, 0, 0, 0, '2012-03-11 11:33:53'),
(68, NULL, '7c791283006c01a65f8a78065c2851aa', '4aed2e463264efa2efdd6a2d410ccf37', 1, 1, 4, 1, 1, NULL, NULL, 0, 83, 499, 416, 0, '2012-03-11 17:41:22'),
(69, NULL, '2b8ad8e55af1c4b3f91c07c4bbfab0bb', '400323af5c48a46f0bf0de7726fd9e6d', 1, 1, 1, 1, 1, NULL, NULL, 0, 0, 0, 0, 0, '2012-03-12 05:17:00');

-- --------------------------------------------------------

--
-- Структура таблицы `crop_cropsize`
--

CREATE TABLE IF NOT EXISTS `crop_cropsize` (
  `id` int(11) NOT NULL AUTO_INCREMENT,
  `name` varchar(100) NOT NULL,
  `price` double NOT NULL,
  `width` int(11) NOT NULL,
  `height` int(11) NOT NULL,
  `defsize` tinyint(1) NOT NULL,
  PRIMARY KEY (`id`)
) ENGINE=InnoDB  DEFAULT CHARSET=utf8 AUTO_INCREMENT=13 ;

--
-- Дамп данных таблицы `crop_cropsize`
--

INSERT INTO `crop_cropsize` (`id`, `name`, `price`, `width`, `height`, `defsize`) VALUES
(1, '30x20 см', 10, 30, 20, 1),
(2, '40x30 см', 11, 40, 30, 0),
(3, '50x40 см', 12, 50, 40, 0),
(4, '60x40 см', 13, 60, 40, 0),
(5, '70x50 см', 14, 70, 50, 0),
(6, '90x60 см', 15, 90, 60, 0),
(7, '30x30 см', 16, 30, 30, 0),
(8, '40x40 см', 17, 40, 40, 0),
(9, '50x50 см', 18, 50, 50, 0),
(10, '60x60 см', 19, 60, 60, 0),
(11, '70x70 см', 20, 70, 70, 0),
(12, '90x90 см', 21, 90, 90, 0);

-- --------------------------------------------------------

--
-- Структура таблицы `django_admin_log`
--

CREATE TABLE IF NOT EXISTS `django_admin_log` (
  `id` int(11) NOT NULL AUTO_INCREMENT,
  `action_time` datetime NOT NULL,
  `user_id` int(11) NOT NULL,
  `content_type_id` int(11) DEFAULT NULL,
  `object_id` longtext,
  `object_repr` varchar(200) NOT NULL,
  `action_flag` smallint(5) unsigned NOT NULL,
  `change_message` longtext NOT NULL,
  PRIMARY KEY (`id`),
  KEY `django_admin_log_403f60f` (`user_id`),
  KEY `django_admin_log_1bb8f392` (`content_type_id`)
) ENGINE=InnoDB  DEFAULT CHARSET=utf8 AUTO_INCREMENT=168 ;

--
-- Дамп данных таблицы `django_admin_log`
--

INSERT INTO `django_admin_log` (`id`, `action_time`, `user_id`, `content_type_id`, `object_id`, `object_repr`, `action_flag`, `change_message`) VALUES
(1, '2011-12-09 10:10:46', 1, 9, '1', '/about/ -- О сайте', 1, ''),
(18, '2012-01-24 11:14:03', 1, 21, '1', '1 тенге', 1, ''),
(19, '2012-01-24 11:14:07', 1, 21, '2', '2 тенге', 1, ''),
(20, '2012-01-24 11:14:14', 1, 21, '3', '3 тенге', 1, ''),
(21, '2012-01-24 20:03:14', 1, 21, '4', '13 тенге', 1, ''),
(22, '2012-01-24 20:03:24', 1, 21, '5', '15 тенге', 1, ''),
(23, '2012-01-24 20:03:32', 1, 21, '6', '15 тенге', 1, ''),
(24, '2012-01-24 20:03:50', 1, 21, '7', '13 тенге', 1, ''),
(25, '2012-01-24 20:03:58', 1, 21, '8', '17 тенге', 1, ''),
(26, '2012-01-24 20:04:05', 1, 21, '9', '19 тенге', 1, ''),
(27, '2012-01-24 20:04:30', 1, 21, '10', '18 тенге', 1, ''),
(28, '2012-01-24 20:04:38', 1, 21, '11', '16 тенге', 1, ''),
(29, '2012-01-24 20:04:45', 1, 21, '12', '14 тенге', 1, ''),
(30, '2012-01-24 20:04:52', 1, 21, '13', '12 тенге', 1, ''),
(31, '2012-01-24 20:05:24', 1, 21, '10', '18 тенге', 3, ''),
(45, '2012-02-04 08:03:01', 1, 7, '1', '127.0.0.1:8000', 2, 'Изменен domain и name.'),
(46, '2012-02-14 11:31:08', 1, 25, '1', '4-45x45', 1, ''),
(47, '2012-02-14 11:32:02', 1, 25, '2', '3-25x100', 1, ''),
(48, '2012-02-14 11:32:17', 1, 25, '1', '4-45x45', 2, 'Изменен width и height.'),
(49, '2012-02-14 11:33:24', 1, 25, '3', '4-30x30', 1, ''),
(50, '2012-02-14 11:34:25', 1, 25, '4', '3-45x45', 1, ''),
(51, '2012-02-14 11:34:47', 1, 25, '3', '4-30x30', 2, 'Изменен width и height.'),
(52, '2012-02-14 11:35:01', 1, 25, '4', '3-45x45', 2, 'Изменен width и height.'),
(53, '2012-02-14 11:35:30', 1, 25, '2', '3-25x100', 2, 'Изменен width и height.'),
(54, '2012-02-14 11:35:46', 1, 25, '1', '4-45x45', 2, 'Изменен width и height.'),
(55, '2012-02-14 11:36:43', 1, 25, '5', '6-30x30', 1, ''),
(56, '2012-02-14 11:38:07', 1, 25, '6', '6-45x45', 1, ''),
(57, '2012-02-14 11:38:50', 1, 25, '7', '5-25x100', 1, ''),
(58, '2012-02-14 11:39:26', 1, 25, '8', '9-30x30', 1, ''),
(59, '2012-02-14 11:40:05', 1, 25, '9', '9-45x45', 1, ''),
(60, '2012-02-14 11:40:38', 1, 25, '10', '3-30x30', 1, ''),
(61, '2012-02-14 11:41:22', 1, 25, '11', '3-25x50', 1, ''),
(62, '2012-02-14 14:53:10', 1, 26, '1', 'A052-1299', 1, ''),
(63, '2012-02-14 14:58:04', 1, 26, '1', 'A052-1299', 3, ''),
(64, '2012-02-14 14:58:16', 1, 26, '2', 'hfjhgfjf', 1, ''),
(65, '2012-02-14 14:58:51', 1, 26, '2', 'hfjhgfjf', 3, ''),
(66, '2012-02-14 14:59:15', 1, 26, '3', 'A052-1299', 1, ''),
(67, '2012-02-14 14:59:36', 1, 26, '4', 'A052-1819', 1, ''),
(68, '2012-02-14 14:59:54', 1, 26, '5', 'A052-2380', 1, ''),
(69, '2012-02-14 15:01:40', 1, 26, '6', 'A052-2381', 1, ''),
(70, '2012-02-14 15:02:12', 1, 27, '1', 'gold', 1, ''),
(71, '2012-02-14 15:02:25', 1, 27, '2', 'noel', 1, ''),
(72, '2012-02-14 15:02:42', 1, 27, '3', 'silver', 1, ''),
(73, '2012-02-17 10:03:57', 1, 29, '1', 'Стандартная натяжка', 1, ''),
(74, '2012-02-17 10:05:03', 1, 29, '2', 'Галерейная натяжка', 1, ''),
(75, '2012-02-17 10:06:01', 1, 29, '3', 'Холст без подрамника', 1, ''),
(76, '2012-02-17 10:38:02', 1, 29, '2', 'Галерейная натяжка', 2, 'Изменен koef.'),
(77, '2012-02-17 10:38:08', 1, 29, '3', 'Холст без подрамника', 2, 'Изменен koef.'),
(78, '2012-02-17 10:54:17', 1, 29, '1', 'Стандартная натяжка', 2, 'Изменен name.'),
(79, '2012-02-17 10:54:37', 1, 29, '2', 'Галерейная натяжка', 1, ''),
(80, '2012-02-17 10:54:54', 1, 29, '3', 'Холст без подрамника', 1, ''),
(81, '2012-02-17 23:58:44', 1, 30, '1', '30x20 см', 1, ''),
(82, '2012-02-17 23:59:04', 1, 30, '2', '40x30 см', 1, ''),
(83, '2012-02-17 23:59:19', 1, 30, '3', '50x40 см', 1, ''),
(84, '2012-02-17 23:59:37', 1, 30, '4', '60x40 см', 1, ''),
(85, '2012-02-17 23:59:57', 1, 30, '5', '70x50 см', 1, ''),
(86, '2012-02-18 00:00:17', 1, 30, '6', '90x60 см', 1, ''),
(87, '2012-02-18 00:00:35', 1, 30, '7', '30x30 см', 1, ''),
(88, '2012-02-18 00:00:51', 1, 30, '8', '40x40 см', 1, ''),
(89, '2012-02-18 00:01:11', 1, 30, '9', '50x50 см', 1, ''),
(90, '2012-02-18 00:01:35', 1, 30, '10', '60x60 см', 1, ''),
(91, '2012-02-18 00:01:53', 1, 30, '11', '70x70 см', 1, ''),
(92, '2012-02-18 00:02:12', 1, 30, '12', '90x90 см', 1, ''),
(93, '2012-02-19 09:00:03', 1, 30, '1', '30x20 см', 2, 'Изменен width и height.'),
(94, '2012-02-19 09:00:12', 1, 30, '2', '40x30 см', 2, 'Изменен width и height.'),
(95, '2012-02-19 09:00:19', 1, 30, '3', '50x40 см', 2, 'Изменен width и height.'),
(96, '2012-02-19 09:00:27', 1, 30, '4', '60x40 см', 2, 'Изменен width и height.'),
(97, '2012-02-19 09:00:38', 1, 30, '5', '70x50 см', 2, 'Изменен width и height.'),
(98, '2012-02-19 09:00:47', 1, 30, '6', '90x60 см', 2, 'Изменен width и height.'),
(99, '2012-02-19 09:00:56', 1, 30, '7', '30x30 см', 2, 'Изменен width и height.'),
(100, '2012-02-19 09:03:50', 1, 30, '8', '40x40 см', 2, 'Изменен width и height.'),
(101, '2012-02-19 09:04:02', 1, 30, '9', '50x50 см', 2, 'Изменен width и height.'),
(102, '2012-02-19 09:04:10', 1, 30, '10', '60x60 см', 2, 'Изменен width и height.'),
(103, '2012-02-19 09:04:19', 1, 30, '11', '70x70 см', 2, 'Изменен width и height.'),
(104, '2012-02-19 09:04:28', 1, 30, '12', '90x90 см', 2, 'Изменен width и height.'),
(105, '2012-02-19 18:36:20', 1, 32, '1', '12x12см', 1, ''),
(106, '2012-02-19 18:36:41', 1, 32, '1', '12x12 см', 2, 'Изменен name.'),
(107, '2012-02-19 18:37:02', 1, 32, '2', '20x20 см', 1, ''),
(108, '2012-02-19 18:37:26', 1, 32, '3', '30x30 см', 1, ''),
(109, '2012-02-19 18:37:31', 1, 32, '1', '12x12 см', 2, 'Изменен defsize.'),
(110, '2012-02-19 18:37:56', 1, 32, '4', '36x36 см', 1, ''),
(111, '2012-02-19 18:38:26', 1, 32, '5', '16x12 см', 1, ''),
(112, '2012-02-19 18:39:22', 1, 32, '6', '20x16 см', 1, ''),
(113, '2012-02-19 19:09:01', 1, 32, '7', '30x24 см', 1, ''),
(114, '2012-02-19 19:09:29', 1, 32, '8', '35x28 см', 1, ''),
(115, '2012-02-19 19:09:53', 1, 32, '9', '12x16 см', 1, ''),
(116, '2012-02-19 19:10:17', 1, 32, '10', '16x20 см', 1, ''),
(117, '2012-02-19 19:10:46', 1, 32, '11', '24x30 см', 1, ''),
(118, '2012-02-19 19:11:08', 1, 32, '12', '28x35 см', 1, ''),
(119, '2012-02-24 09:28:09', 1, 7, '1', 'naholste.kz', 2, 'Изменен domain и name.'),
(120, '2012-02-28 15:54:58', 1, 35, '1', 'Абстракции1', 1, ''),
(121, '2012-02-28 15:55:41', 1, 35, '2', 'водный мир', 1, ''),
(122, '2012-02-28 15:56:18', 1, 35, '3', 'городские панорамы', 1, ''),
(123, '2012-02-28 15:57:05', 1, 35, '4', 'животный мир', 1, ''),
(124, '2012-02-28 15:57:25', 1, 35, '5', 'закат', 1, ''),
(125, '2012-02-28 15:57:44', 1, 35, '6', 'зима', 1, ''),
(126, '2012-02-28 15:58:08', 1, 35, '7', 'капелька росы', 1, ''),
(127, '2012-02-28 15:58:36', 1, 35, '8', 'красота природы', 1, ''),
(128, '2012-02-28 15:58:52', 1, 35, '9', 'лето', 1, ''),
(129, '2012-02-28 15:59:10', 1, 35, '10', 'мир ромашек', 1, ''),
(130, '2012-02-28 15:59:31', 1, 35, '11', 'ночной город', 1, ''),
(131, '2012-02-28 15:59:44', 1, 35, '12', 'осень', 1, ''),
(132, '2012-02-28 16:00:01', 1, 35, '13', 'продукты', 1, ''),
(133, '2012-02-28 16:00:17', 1, 35, '14', 'текстура', 1, ''),
(134, '2012-02-28 16:00:48', 1, 35, '15', 'тропический рай', 1, ''),
(135, '2012-02-28 16:01:02', 1, 35, '16', 'фурнитура интерьера', 1, ''),
(136, '2012-02-28 16:01:24', 1, 35, '17', 'цветочный рай', 1, ''),
(137, '2012-02-28 16:35:29', 1, 3, '4', 'info@hostproff.com', 1, ''),
(138, '2012-02-28 16:37:03', 1, 3, '4', 'Artur', 2, 'Изменен username,first_name,last_name,email и is_staff.'),
(139, '2012-02-28 16:51:52', 1, 3, '4', 'Artur', 2, 'Изменен user_permissions.'),
(140, '2012-02-28 17:13:51', 1, 34, '1', 'Абстракция', 1, ''),
(141, '2012-02-28 17:14:18', 1, 34, '2', 'вода', 1, ''),
(142, '2012-02-28 17:14:47', 1, 34, '3', 'город', 1, ''),
(143, '2012-02-28 17:15:08', 1, 34, '4', 'животные', 1, ''),
(144, '2012-02-28 17:15:23', 1, 34, '5', 'закат', 1, ''),
(145, '2012-02-28 17:15:40', 1, 34, '6', 'зима', 1, ''),
(146, '2012-02-28 17:16:00', 1, 34, '7', 'роса', 1, ''),
(147, '2012-02-28 17:16:18', 1, 34, '8', 'природа', 1, ''),
(148, '2012-02-28 17:16:30', 1, 34, '9', 'лето', 1, ''),
(149, '2012-02-28 17:16:47', 1, 34, '10', 'ромашки', 1, ''),
(150, '2012-02-28 17:17:10', 1, 34, '11', 'ночь', 1, ''),
(151, '2012-02-28 17:17:26', 1, 34, '12', 'осень', 1, ''),
(152, '2012-02-28 17:17:46', 1, 34, '13', 'шоколад', 1, ''),
(153, '2012-02-28 17:18:05', 1, 34, '14', 'текстура', 1, ''),
(154, '2012-02-28 17:18:31', 1, 34, '15', 'тропики', 1, ''),
(155, '2012-02-28 17:18:53', 1, 34, '16', 'интерьер', 1, ''),
(156, '2012-02-28 17:19:08', 1, 34, '17', 'цветы', 1, ''),
(157, '2012-03-01 17:34:51', 1, 3, '4', 'Artur', 2, 'Изменен is_superuser.'),
(158, '2012-03-01 17:38:03', 1, 3, '4', 'Artur', 2, 'Изменен is_superuser.'),
(159, '2012-03-01 23:57:47', 1, 9, '2', '/faq/ -- Вопросы и ответы', 1, ''),
(160, '2012-03-02 00:00:08', 1, 9, '3', '/faq/pay/ -- Доставка и оплата', 1, ''),
(161, '2012-03-02 00:10:18', 1, 9, '4', '/contacts/ -- Контакты', 1, ''),
(162, '2012-03-02 00:11:13', 1, 9, '4', '/contacts/ -- Контакты', 2, 'Изменен template_name.'),
(163, '2012-03-02 14:19:02', 1, 9, '4', '/contacts/ -- Контакты', 3, ''),
(164, '2012-03-06 11:43:31', 1, 9, '1', '/about/ -- О сайте', 2, 'Изменен content.'),
(165, '2012-03-06 11:43:48', 1, 9, '1', '/about/ -- О сайте', 2, 'Изменен content.'),
(166, '2012-03-06 11:44:45', 1, 9, '1', '/about/ -- О сайте', 2, 'Изменен content.'),
(167, '2012-03-06 11:45:13', 1, 9, '1', '/about/ -- О нас', 2, 'Изменен title.');

-- --------------------------------------------------------

--
-- Структура таблицы `django_content_type`
--

CREATE TABLE IF NOT EXISTS `django_content_type` (
  `id` int(11) NOT NULL AUTO_INCREMENT,
  `name` varchar(100) NOT NULL,
  `app_label` varchar(100) NOT NULL,
  `model` varchar(100) NOT NULL,
  PRIMARY KEY (`id`),
  UNIQUE KEY `app_label` (`app_label`,`model`)
) ENGINE=InnoDB  DEFAULT CHARSET=utf8 AUTO_INCREMENT=36 ;

--
-- Дамп данных таблицы `django_content_type`
--

INSERT INTO `django_content_type` (`id`, `name`, `app_label`, `model`) VALUES
(1, 'permission', 'auth', 'permission'),
(2, 'group', 'auth', 'group'),
(3, 'user', 'auth', 'user'),
(4, 'message', 'auth', 'message'),
(5, 'content type', 'contenttypes', 'contenttype'),
(6, 'session', 'sessions', 'session'),
(7, 'site', 'sites', 'site'),
(8, 'log entry', 'admin', 'logentry'),
(9, 'flat page', 'flatpages', 'flatpage'),
(10, 'user profile', 'account', 'userprofile'),
(12, 'captcha store', 'captcha', 'captchastore'),
(15, 'mosaic option', 'mosaic', 'mosaicoption'),
(21, 'Размеры и цены', 'mosaic', 'mosaicprice'),
(23, 'order', 'cart', 'order'),
(24, 'Список заказов', 'cart', 'orderoption'),
(25, 'puzzle size', 'puzzle', 'puzzlesize'),
(26, 'Рамки', 'common', 'frames'),
(27, 'Упаковки', 'common', 'packaging'),
(28, 'puzzle', 'puzzle', 'puzzle'),
(29, 'Натяжка', 'common', 'stretch'),
(30, 'Фото на холсте - Список размеров и цен', 'crop', 'cropsize'),
(31, 'crop', 'crop', 'crop'),
(32, 'Список размеров и цен', 'mosaic', 'mosaicsize'),
(33, 'mosaic', 'mosaic', 'mosaic'),
(34, 'Изображение', 'gallery', 'images'),
(35, 'Альбомы', 'gallery', 'album');

-- --------------------------------------------------------

--
-- Структура таблицы `django_flatpage`
--

CREATE TABLE IF NOT EXISTS `django_flatpage` (
  `id` int(11) NOT NULL AUTO_INCREMENT,
  `url` varchar(100) NOT NULL,
  `title` varchar(200) NOT NULL,
  `content` longtext NOT NULL,
  `enable_comments` tinyint(1) NOT NULL,
  `template_name` varchar(70) NOT NULL,
  `registration_required` tinyint(1) NOT NULL,
  PRIMARY KEY (`id`),
  KEY `django_flatpage_a4b49ab` (`url`)
) ENGINE=InnoDB  DEFAULT CHARSET=utf8 AUTO_INCREMENT=4 ;

--
-- Дамп данных таблицы `django_flatpage`
--

INSERT INTO `django_flatpage` (`id`, `url`, `title`, `content`, `enable_comments`, `template_name`, `registration_required`) VALUES
(1, '/about/', 'О нас', '<p>\r\n	Интернет магазин &laquo;NaHolste.kz&raquo; работает на базе Центра Широкоформатной Печати &laquo;Мегапринт&raquo; - <a href="http://www.megaprint.kz" target="_blank">www.megaprint.kz&nbsp;</a></p>\r\n<div>\r\n	&laquo;Мегапринт&raquo; работает на рынке наружной рекламы с 2003 года.</div>\r\n<div>\r\n	&nbsp;</div>\r\n<div>\r\n	Мы имеем огромный опыт работы в сфере наружной рекламы и широкоформатной печати.</div>\r\n<div>\r\n	&nbsp;</div>\r\n<div>\r\n	Печать картин производится японскими высококачественными широкоформатными принтерами &laquo;Roland&raquo;.</div>\r\n<div>\r\n	&nbsp;</div>\r\n<div>\r\n	Наши дизайнеры проведут всю работу, связанную с цветовой коррекцией изображения.</div>\r\n', 0, '', 0),
(2, '/faq/', 'Вопросы и ответы', '<p>\r\n	Вопросы и ответы</p>\r\n', 0, '', 0),
(3, '/faq/pay/', 'Доставка и оплата', '<p>\r\n	Доставка и оплата</p>\r\n', 0, '', 0);

-- --------------------------------------------------------

--
-- Структура таблицы `django_flatpage_sites`
--

CREATE TABLE IF NOT EXISTS `django_flatpage_sites` (
  `id` int(11) NOT NULL AUTO_INCREMENT,
  `flatpage_id` int(11) NOT NULL,
  `site_id` int(11) NOT NULL,
  PRIMARY KEY (`id`),
  UNIQUE KEY `flatpage_id` (`flatpage_id`,`site_id`),
  KEY `django_flatpage_sites_21210108` (`flatpage_id`),
  KEY `django_flatpage_sites_6223029` (`site_id`)
) ENGINE=InnoDB  DEFAULT CHARSET=utf8 AUTO_INCREMENT=10 ;

--
-- Дамп данных таблицы `django_flatpage_sites`
--

INSERT INTO `django_flatpage_sites` (`id`, `flatpage_id`, `site_id`) VALUES
(9, 1, 1),
(2, 2, 1),
(3, 3, 1);

-- --------------------------------------------------------

--
-- Структура таблицы `django_session`
--

CREATE TABLE IF NOT EXISTS `django_session` (
  `session_key` varchar(40) NOT NULL,
  `session_data` longtext NOT NULL,
  `expire_date` datetime NOT NULL,
  PRIMARY KEY (`session_key`),
  KEY `django_session_3da3d3d8` (`expire_date`)
) ENGINE=InnoDB DEFAULT CHARSET=utf8;

--
-- Дамп данных таблицы `django_session`
--

INSERT INTO `django_session` (`session_key`, `session_data`, `expire_date`) VALUES
('00106249978b58b7697e58a8b692d6d0', 'Nzg1NGZhZjI2YzFlMjU2YjUyNjM2YWE1YTM5MTA4NzBkMDEzNmM0MTqAAn1xAVUEY2FydHECXXED\ncy4=\n', '2012-03-12 08:18:24'),
('0111654f465e4678b72854a41b436ff9', 'Nzg1NGZhZjI2YzFlMjU2YjUyNjM2YWE1YTM5MTA4NzBkMDEzNmM0MTqAAn1xAVUEY2FydHECXXED\ncy4=\n', '2012-03-20 10:21:33'),
('018ade760508f6a5ac187e921b5ec785', 'Nzg1NGZhZjI2YzFlMjU2YjUyNjM2YWE1YTM5MTA4NzBkMDEzNmM0MTqAAn1xAVUEY2FydHECXXED\ncy4=\n', '2012-03-13 11:07:58'),
('019d5f3065d5927713ab6c97215bb683', 'Nzg1NGZhZjI2YzFlMjU2YjUyNjM2YWE1YTM5MTA4NzBkMDEzNmM0MTqAAn1xAVUEY2FydHECXXED\ncy4=\n', '2012-03-25 12:29:32'),
('01a444fe79f5ca6afd79f36e346c24e6', 'Nzg1NGZhZjI2YzFlMjU2YjUyNjM2YWE1YTM5MTA4NzBkMDEzNmM0MTqAAn1xAVUEY2FydHECXXED\ncy4=\n', '2012-03-25 14:46:22'),
('01fcea6dae83067ca6faefcaad79a4c5', 'Nzg1NGZhZjI2YzFlMjU2YjUyNjM2YWE1YTM5MTA4NzBkMDEzNmM0MTqAAn1xAVUEY2FydHECXXED\ncy4=\n', '2012-03-12 08:18:25'),
('0239a86013c31bd7b4ff28ffc74f9601', 'Nzg1NGZhZjI2YzFlMjU2YjUyNjM2YWE1YTM5MTA4NzBkMDEzNmM0MTqAAn1xAVUEY2FydHECXXED\ncy4=\n', '2012-03-10 13:35:27'),
('0263905cab4c15717995ed5f31f153b4', 'Nzg1NGZhZjI2YzFlMjU2YjUyNjM2YWE1YTM5MTA4NzBkMDEzNmM0MTqAAn1xAVUEY2FydHECXXED\ncy4=\n', '2012-03-20 10:21:33'),
('02737f9bec30315939bb3ff482747344', 'Nzg1NGZhZjI2YzFlMjU2YjUyNjM2YWE1YTM5MTA4NzBkMDEzNmM0MTqAAn1xAVUEY2FydHECXXED\ncy4=\n', '2012-03-21 10:17:17'),
('02994fc16a6d42885316c35545940b93', 'Nzg1NGZhZjI2YzFlMjU2YjUyNjM2YWE1YTM5MTA4NzBkMDEzNmM0MTqAAn1xAVUEY2FydHECXXED\ncy4=\n', '2012-03-20 10:21:24'),
('02b51b7d229867d25dbaafaa47cd1c78', 'Nzg1NGZhZjI2YzFlMjU2YjUyNjM2YWE1YTM5MTA4NzBkMDEzNmM0MTqAAn1xAVUEY2FydHECXXED\ncy4=\n', '2012-03-09 18:46:12'),
('02b70c33d37f4104f3c73ccf83a80c51', 'Nzg1NGZhZjI2YzFlMjU2YjUyNjM2YWE1YTM5MTA4NzBkMDEzNmM0MTqAAn1xAVUEY2FydHECXXED\ncy4=\n', '2012-03-19 01:23:35'),
('0316e7105cdce075ca9e933f7e39dc78', 'Nzg1NGZhZjI2YzFlMjU2YjUyNjM2YWE1YTM5MTA4NzBkMDEzNmM0MTqAAn1xAVUEY2FydHECXXED\ncy4=\n', '2012-03-21 10:24:48'),
('0337a315d67b76f29071f1ac62cff649', 'Nzg1NGZhZjI2YzFlMjU2YjUyNjM2YWE1YTM5MTA4NzBkMDEzNmM0MTqAAn1xAVUEY2FydHECXXED\ncy4=\n', '2012-03-09 18:46:18'),
('033d345bcb459ad348c61cd5d7bb5343', 'Nzg1NGZhZjI2YzFlMjU2YjUyNjM2YWE1YTM5MTA4NzBkMDEzNmM0MTqAAn1xAVUEY2FydHECXXED\ncy4=\n', '2012-03-20 00:30:58'),
('038d3981adeef86c7c3d51ebd157a75b', 'Nzg1NGZhZjI2YzFlMjU2YjUyNjM2YWE1YTM5MTA4NzBkMDEzNmM0MTqAAn1xAVUEY2FydHECXXED\ncy4=\n', '2012-03-12 08:18:25'),
('03aa11b4862214c625d9223def4752cc', 'Nzg1NGZhZjI2YzFlMjU2YjUyNjM2YWE1YTM5MTA4NzBkMDEzNmM0MTqAAn1xAVUEY2FydHECXXED\ncy4=\n', '2012-03-20 10:21:22'),
('03bb95590702f0f0c6ea7eead6fadc0d', 'Nzg1NGZhZjI2YzFlMjU2YjUyNjM2YWE1YTM5MTA4NzBkMDEzNmM0MTqAAn1xAVUEY2FydHECXXED\ncy4=\n', '2012-03-21 10:47:11'),
('0443c4dcf5d75ecd46563ab5c048247f', 'Nzg1NGZhZjI2YzFlMjU2YjUyNjM2YWE1YTM5MTA4NzBkMDEzNmM0MTqAAn1xAVUEY2FydHECXXED\ncy4=\n', '2012-03-21 09:37:15'),
('04552b5135c9749f9fcdebe5d64a5988', 'Nzg1NGZhZjI2YzFlMjU2YjUyNjM2YWE1YTM5MTA4NzBkMDEzNmM0MTqAAn1xAVUEY2FydHECXXED\ncy4=\n', '2012-03-20 10:21:32'),
('05e586bb7a39fd8cecb0544c5595429d', 'Nzg1NGZhZjI2YzFlMjU2YjUyNjM2YWE1YTM5MTA4NzBkMDEzNmM0MTqAAn1xAVUEY2FydHECXXED\ncy4=\n', '2012-03-17 16:56:07'),
('05f43f9a44ea3413d10f09ee4cf68b03', 'Nzg1NGZhZjI2YzFlMjU2YjUyNjM2YWE1YTM5MTA4NzBkMDEzNmM0MTqAAn1xAVUEY2FydHECXXED\ncy4=\n', '2012-03-19 01:24:46'),
('05ff47055671ab7599a2e8fbe5f52e96', 'Nzg1NGZhZjI2YzFlMjU2YjUyNjM2YWE1YTM5MTA4NzBkMDEzNmM0MTqAAn1xAVUEY2FydHECXXED\ncy4=\n', '2012-03-15 00:30:42'),
('0623a2c08f74a50ce585892414ad71d5', 'Nzg1NGZhZjI2YzFlMjU2YjUyNjM2YWE1YTM5MTA4NzBkMDEzNmM0MTqAAn1xAVUEY2FydHECXXED\ncy4=\n', '2012-03-14 17:18:27'),
('06aa6b2bff5fd22fc6e5f106c573c409', 'Nzg1NGZhZjI2YzFlMjU2YjUyNjM2YWE1YTM5MTA4NzBkMDEzNmM0MTqAAn1xAVUEY2FydHECXXED\ncy4=\n', '2012-03-18 02:32:28'),
('0749e7a3391bde526fec2d07f256d4dd', 'Nzg1NGZhZjI2YzFlMjU2YjUyNjM2YWE1YTM5MTA4NzBkMDEzNmM0MTqAAn1xAVUEY2FydHECXXED\ncy4=\n', '2012-03-19 19:03:27'),
('07640fabb415c49f40f57e759603eaf7', 'Nzg1NGZhZjI2YzFlMjU2YjUyNjM2YWE1YTM5MTA4NzBkMDEzNmM0MTqAAn1xAVUEY2FydHECXXED\ncy4=\n', '2012-03-20 13:28:38'),
('07a2333ee3613e419145cca6c693b6c9', 'Nzg1NGZhZjI2YzFlMjU2YjUyNjM2YWE1YTM5MTA4NzBkMDEzNmM0MTqAAn1xAVUEY2FydHECXXED\ncy4=\n', '2012-03-20 10:21:35'),
('07c1c3aaf3b6099f93bd52c9105b69c3', 'Nzg1NGZhZjI2YzFlMjU2YjUyNjM2YWE1YTM5MTA4NzBkMDEzNmM0MTqAAn1xAVUEY2FydHECXXED\ncy4=\n', '2012-03-12 08:18:24'),
('07ef91ff8d23164fe0aa8e2b3595135b', 'Nzg1NGZhZjI2YzFlMjU2YjUyNjM2YWE1YTM5MTA4NzBkMDEzNmM0MTqAAn1xAVUEY2FydHECXXED\ncy4=\n', '2012-03-19 19:03:20'),
('083353b26c2b85663b471a3cde7081be', 'Nzg1NGZhZjI2YzFlMjU2YjUyNjM2YWE1YTM5MTA4NzBkMDEzNmM0MTqAAn1xAVUEY2FydHECXXED\ncy4=\n', '2012-03-25 17:48:03'),
('08b679a76b2b6e5012e4197c70e92110', 'Nzg1NGZhZjI2YzFlMjU2YjUyNjM2YWE1YTM5MTA4NzBkMDEzNmM0MTqAAn1xAVUEY2FydHECXXED\ncy4=\n', '2012-03-08 16:19:40'),
('08f3a9b21e01fae309867a537f5ac27f', 'Nzg1NGZhZjI2YzFlMjU2YjUyNjM2YWE1YTM5MTA4NzBkMDEzNmM0MTqAAn1xAVUEY2FydHECXXED\ncy4=\n', '2012-03-21 11:00:07'),
('090740e2296cae5cecd7e17f18a630ad', 'Nzg1NGZhZjI2YzFlMjU2YjUyNjM2YWE1YTM5MTA4NzBkMDEzNmM0MTqAAn1xAVUEY2FydHECXXED\ncy4=\n', '2012-03-24 10:09:06'),
('093867af97f47d7083e02cc3c2b8c119', 'Nzg1NGZhZjI2YzFlMjU2YjUyNjM2YWE1YTM5MTA4NzBkMDEzNmM0MTqAAn1xAVUEY2FydHECXXED\ncy4=\n', '2012-03-20 10:21:26'),
('095fa4a1f8d7069d1fd4933a6a60c07c', 'Nzg1NGZhZjI2YzFlMjU2YjUyNjM2YWE1YTM5MTA4NzBkMDEzNmM0MTqAAn1xAVUEY2FydHECXXED\ncy4=\n', '2012-03-19 01:24:51'),
('09a4f57b63c0957da1652e08ec43153a', 'Nzg1NGZhZjI2YzFlMjU2YjUyNjM2YWE1YTM5MTA4NzBkMDEzNmM0MTqAAn1xAVUEY2FydHECXXED\ncy4=\n', '2012-03-13 11:07:48'),
('09b4bb3b5b1e7a99d18c55e3d134b82a', 'Nzg1NGZhZjI2YzFlMjU2YjUyNjM2YWE1YTM5MTA4NzBkMDEzNmM0MTqAAn1xAVUEY2FydHECXXED\ncy4=\n', '2012-03-17 16:56:28'),
('09ea56055959c280b7f29ec3faf1c15c', 'Nzg1NGZhZjI2YzFlMjU2YjUyNjM2YWE1YTM5MTA4NzBkMDEzNmM0MTqAAn1xAVUEY2FydHECXXED\ncy4=\n', '2012-03-21 18:54:03'),
('09f2b0d36982e52511efb5b4dda1ec35', 'Nzg1NGZhZjI2YzFlMjU2YjUyNjM2YWE1YTM5MTA4NzBkMDEzNmM0MTqAAn1xAVUEY2FydHECXXED\ncy4=\n', '2012-03-13 11:07:52'),
('09f3928db703c626275737ed7c168bcc', 'Nzg1NGZhZjI2YzFlMjU2YjUyNjM2YWE1YTM5MTA4NzBkMDEzNmM0MTqAAn1xAVUEY2FydHECXXED\ncy4=\n', '2012-03-19 01:23:50'),
('0a2869ae365da5ebd4933e339c850f1f', 'Nzg1NGZhZjI2YzFlMjU2YjUyNjM2YWE1YTM5MTA4NzBkMDEzNmM0MTqAAn1xAVUEY2FydHECXXED\ncy4=\n', '2012-03-19 11:57:01'),
('0ab437906da5c6ee7db1d708400f45d7', 'OGM3N2FhMWMxMWIzNDUxY2E3ODczNTkzYWUyNWM2M2I1Y2YzNzViZjqAAn1xAShVCnRlc3Rjb29r\naWVxAlUGd29ya2VkcQNVBGNhcnRxBF1xBXUu\n', '2012-03-19 01:23:30'),
('0ad571c14f9069f79b4bcfccb0570fd1', 'Nzg1NGZhZjI2YzFlMjU2YjUyNjM2YWE1YTM5MTA4NzBkMDEzNmM0MTqAAn1xAVUEY2FydHECXXED\ncy4=\n', '2012-03-17 16:56:25'),
('0b23bb81deb3e126db69c179bf351b47', 'Nzg1NGZhZjI2YzFlMjU2YjUyNjM2YWE1YTM5MTA4NzBkMDEzNmM0MTqAAn1xAVUEY2FydHECXXED\ncy4=\n', '2012-03-24 16:36:19'),
('0b2a08190b6865932c3f1b78cb0e93e0', 'Nzg1NGZhZjI2YzFlMjU2YjUyNjM2YWE1YTM5MTA4NzBkMDEzNmM0MTqAAn1xAVUEY2FydHECXXED\ncy4=\n', '2012-03-24 15:37:09'),
('0b2c169efeef467a566e84c8c1bd1d9f', 'Nzg1NGZhZjI2YzFlMjU2YjUyNjM2YWE1YTM5MTA4NzBkMDEzNmM0MTqAAn1xAVUEY2FydHECXXED\ncy4=\n', '2012-03-12 21:40:33'),
('0b2f9a14e5150f58a50cb5b162a89654', 'Nzg1NGZhZjI2YzFlMjU2YjUyNjM2YWE1YTM5MTA4NzBkMDEzNmM0MTqAAn1xAVUEY2FydHECXXED\ncy4=\n', '2012-03-09 18:46:15'),
('0b3680e6f4065bd696e867bcca0cdbf1', 'Nzg1NGZhZjI2YzFlMjU2YjUyNjM2YWE1YTM5MTA4NzBkMDEzNmM0MTqAAn1xAVUEY2FydHECXXED\ncy4=\n', '2012-03-12 21:40:41'),
('0b4e8f8ddda0f1a4b282726ff8d22bd9', 'Nzg1NGZhZjI2YzFlMjU2YjUyNjM2YWE1YTM5MTA4NzBkMDEzNmM0MTqAAn1xAVUEY2FydHECXXED\ncy4=\n', '2012-03-19 01:23:47'),
('0bb947ce452de2618f6744d0d5e77feb', 'Nzg1NGZhZjI2YzFlMjU2YjUyNjM2YWE1YTM5MTA4NzBkMDEzNmM0MTqAAn1xAVUEY2FydHECXXED\ncy4=\n', '2012-03-17 16:56:24'),
('0c35810d49d0cbca80153ae5e2776279', 'Nzg1NGZhZjI2YzFlMjU2YjUyNjM2YWE1YTM5MTA4NzBkMDEzNmM0MTqAAn1xAVUEY2FydHECXXED\ncy4=\n', '2012-03-17 16:56:04'),
('0c7bbe94ff3ed92538d63016ffdfb21a', 'Nzg1NGZhZjI2YzFlMjU2YjUyNjM2YWE1YTM5MTA4NzBkMDEzNmM0MTqAAn1xAVUEY2FydHECXXED\ncy4=\n', '2012-03-19 19:03:22'),
('0c80dd8c90fcafc6f59de45b4f088bd4', 'Nzg1NGZhZjI2YzFlMjU2YjUyNjM2YWE1YTM5MTA4NzBkMDEzNmM0MTqAAn1xAVUEY2FydHECXXED\ncy4=\n', '2012-03-20 10:21:26'),
('0d425728ffcd2fbb5e877841bdfd8ffe', 'Nzg1NGZhZjI2YzFlMjU2YjUyNjM2YWE1YTM5MTA4NzBkMDEzNmM0MTqAAn1xAVUEY2FydHECXXED\ncy4=\n', '2012-03-10 13:36:04'),
('0d7391cd222a264ba11b00b738fa1c03', 'Nzg1NGZhZjI2YzFlMjU2YjUyNjM2YWE1YTM5MTA4NzBkMDEzNmM0MTqAAn1xAVUEY2FydHECXXED\ncy4=\n', '2012-03-25 08:49:42'),
('0e1fa11a679a9af91797b34e317c4943', 'Nzg1NGZhZjI2YzFlMjU2YjUyNjM2YWE1YTM5MTA4NzBkMDEzNmM0MTqAAn1xAVUEY2FydHECXXED\ncy4=\n', '2012-03-12 21:40:34'),
('0e44d28b5f1079aba20f2bd649cd0fa1', 'Nzg1NGZhZjI2YzFlMjU2YjUyNjM2YWE1YTM5MTA4NzBkMDEzNmM0MTqAAn1xAVUEY2FydHECXXED\ncy4=\n', '2012-03-19 08:23:28'),
('0ef5c2ada93c4c7ecafc8085071fbd06', 'OGM3N2FhMWMxMWIzNDUxY2E3ODczNTkzYWUyNWM2M2I1Y2YzNzViZjqAAn1xAShVCnRlc3Rjb29r\naWVxAlUGd29ya2VkcQNVBGNhcnRxBF1xBXUu\n', '2012-03-13 01:42:04'),
('0f724b7251a6cf1eab159fc5f073f813', 'Nzg1NGZhZjI2YzFlMjU2YjUyNjM2YWE1YTM5MTA4NzBkMDEzNmM0MTqAAn1xAVUEY2FydHECXXED\ncy4=\n', '2012-03-20 10:21:38'),
('0faaec3c24a41ac4172b72c4073139bb', 'Nzg1NGZhZjI2YzFlMjU2YjUyNjM2YWE1YTM5MTA4NzBkMDEzNmM0MTqAAn1xAVUEY2FydHECXXED\ncy4=\n', '2012-03-21 18:53:58'),
('101199e693c92121d356b6bb8f9f273d', 'Nzg1NGZhZjI2YzFlMjU2YjUyNjM2YWE1YTM5MTA4NzBkMDEzNmM0MTqAAn1xAVUEY2FydHECXXED\ncy4=\n', '2012-03-19 01:23:27'),
('103c0a230ed0e4e04090284c43ed5194', 'Nzg1NGZhZjI2YzFlMjU2YjUyNjM2YWE1YTM5MTA4NzBkMDEzNmM0MTqAAn1xAVUEY2FydHECXXED\ncy4=\n', '2012-03-20 01:16:29'),
('103f25e74cf47edeeb065fb1689122ca', 'Nzg1NGZhZjI2YzFlMjU2YjUyNjM2YWE1YTM5MTA4NzBkMDEzNmM0MTqAAn1xAVUEY2FydHECXXED\ncy4=\n', '2012-03-25 17:48:34'),
('10ddd35fea777f66932e71c5c56ce771', 'Nzg1NGZhZjI2YzFlMjU2YjUyNjM2YWE1YTM5MTA4NzBkMDEzNmM0MTqAAn1xAVUEY2FydHECXXED\ncy4=\n', '2012-03-19 13:07:13'),
('112ee30ffb8bc1c3137d7afba2b17d52', 'Nzg1NGZhZjI2YzFlMjU2YjUyNjM2YWE1YTM5MTA4NzBkMDEzNmM0MTqAAn1xAVUEY2FydHECXXED\ncy4=\n', '2012-03-19 01:23:51'),
('11976dad755e1fe34cea94b521f58581', 'Nzg1NGZhZjI2YzFlMjU2YjUyNjM2YWE1YTM5MTA4NzBkMDEzNmM0MTqAAn1xAVUEY2FydHECXXED\ncy4=\n', '2012-03-20 01:04:46'),
('11a78930183701113141417b0d4287a9', 'Nzg1NGZhZjI2YzFlMjU2YjUyNjM2YWE1YTM5MTA4NzBkMDEzNmM0MTqAAn1xAVUEY2FydHECXXED\ncy4=\n', '2012-03-12 21:40:36'),
('11cba7549a0df864d71b0516fc1aae16', 'Nzg1NGZhZjI2YzFlMjU2YjUyNjM2YWE1YTM5MTA4NzBkMDEzNmM0MTqAAn1xAVUEY2FydHECXXED\ncy4=\n', '2012-03-21 18:53:53'),
('120289ab981c97bb063de0266c3e3819', 'Nzg1NGZhZjI2YzFlMjU2YjUyNjM2YWE1YTM5MTA4NzBkMDEzNmM0MTqAAn1xAVUEY2FydHECXXED\ncy4=\n', '2012-03-09 18:14:47'),
('1240484c470a1195a966045242a51f07', 'Nzg1NGZhZjI2YzFlMjU2YjUyNjM2YWE1YTM5MTA4NzBkMDEzNmM0MTqAAn1xAVUEY2FydHECXXED\ncy4=\n', '2012-03-13 01:42:07'),
('124489b8a5f2a1835737ee52e5495661', 'Nzg1NGZhZjI2YzFlMjU2YjUyNjM2YWE1YTM5MTA4NzBkMDEzNmM0MTqAAn1xAVUEY2FydHECXXED\ncy4=\n', '2012-03-23 14:50:47'),
('124c8d29d69e0213b84fe0e4ec194fb6', 'Nzg1NGZhZjI2YzFlMjU2YjUyNjM2YWE1YTM5MTA4NzBkMDEzNmM0MTqAAn1xAVUEY2FydHECXXED\ncy4=\n', '2012-03-12 08:18:26'),
('127fd3ce5e1ef7b9c0a7184080a12cae', 'Nzg1NGZhZjI2YzFlMjU2YjUyNjM2YWE1YTM5MTA4NzBkMDEzNmM0MTqAAn1xAVUEY2FydHECXXED\ncy4=\n', '2012-03-13 01:42:08'),
('12f83d4d47a4b20e6703eef90b4f9112', 'Nzg1NGZhZjI2YzFlMjU2YjUyNjM2YWE1YTM5MTA4NzBkMDEzNmM0MTqAAn1xAVUEY2FydHECXXED\ncy4=\n', '2012-03-24 14:37:44'),
('1380f64622a597790c06078da45b2140', 'Nzg1NGZhZjI2YzFlMjU2YjUyNjM2YWE1YTM5MTA4NzBkMDEzNmM0MTqAAn1xAVUEY2FydHECXXED\ncy4=\n', '2012-03-25 07:04:08'),
('1385aabfdb065bc85f80fbe9e7992913', 'Nzg1NGZhZjI2YzFlMjU2YjUyNjM2YWE1YTM5MTA4NzBkMDEzNmM0MTqAAn1xAVUEY2FydHECXXED\ncy4=\n', '2012-03-08 16:19:44'),
('139b848dba67f2cdbae785edfabf7fef', 'Nzg1NGZhZjI2YzFlMjU2YjUyNjM2YWE1YTM5MTA4NzBkMDEzNmM0MTqAAn1xAVUEY2FydHECXXED\ncy4=\n', '2012-03-08 16:19:36'),
('13acb8081ff32d5913fb945dbbe7be16', 'Nzg1NGZhZjI2YzFlMjU2YjUyNjM2YWE1YTM5MTA4NzBkMDEzNmM0MTqAAn1xAVUEY2FydHECXXED\ncy4=\n', '2012-03-15 23:12:00'),
('13e58d60876e824e70371d0ac2f89346', 'Nzg1NGZhZjI2YzFlMjU2YjUyNjM2YWE1YTM5MTA4NzBkMDEzNmM0MTqAAn1xAVUEY2FydHECXXED\ncy4=\n', '2012-03-21 05:20:42'),
('13f883d5bb78484d6298137c308a6488', 'Nzg1NGZhZjI2YzFlMjU2YjUyNjM2YWE1YTM5MTA4NzBkMDEzNmM0MTqAAn1xAVUEY2FydHECXXED\ncy4=\n', '2012-03-13 11:07:51'),
('144d1b855d832b5285cd4b911809e0b0', 'Nzg1NGZhZjI2YzFlMjU2YjUyNjM2YWE1YTM5MTA4NzBkMDEzNmM0MTqAAn1xAVUEY2FydHECXXED\ncy4=\n', '2012-03-08 16:19:49'),
('1456b26b6b1924bc06527a078f8f1062', 'Nzg1NGZhZjI2YzFlMjU2YjUyNjM2YWE1YTM5MTA4NzBkMDEzNmM0MTqAAn1xAVUEY2FydHECXXED\ncy4=\n', '2012-03-10 13:35:55'),
('14c5a12725ea89e210b8c1d0bfc6eecb', 'Nzg1NGZhZjI2YzFlMjU2YjUyNjM2YWE1YTM5MTA4NzBkMDEzNmM0MTqAAn1xAVUEY2FydHECXXED\ncy4=\n', '2012-03-19 08:23:33'),
('14cce51dd7338a16c3de83b7eea012ad', 'Nzg1NGZhZjI2YzFlMjU2YjUyNjM2YWE1YTM5MTA4NzBkMDEzNmM0MTqAAn1xAVUEY2FydHECXXED\ncy4=\n', '2012-03-25 08:49:41'),
('14e3138d0c7a27507841419c8a759f44', 'Nzg1NGZhZjI2YzFlMjU2YjUyNjM2YWE1YTM5MTA4NzBkMDEzNmM0MTqAAn1xAVUEY2FydHECXXED\ncy4=\n', '2012-03-21 18:54:04'),
('150575b711495ca10af78ca150c76c1f', 'Nzg1NGZhZjI2YzFlMjU2YjUyNjM2YWE1YTM5MTA4NzBkMDEzNmM0MTqAAn1xAVUEY2FydHECXXED\ncy4=\n', '2012-03-13 11:07:47'),
('150d1a74e111dc7110b3885c68d123cc', 'Nzg1NGZhZjI2YzFlMjU2YjUyNjM2YWE1YTM5MTA4NzBkMDEzNmM0MTqAAn1xAVUEY2FydHECXXED\ncy4=\n', '2012-03-17 16:56:08'),
('15ae2b68431b32fa215d4fa4dbc1b8eb', 'Nzg1NGZhZjI2YzFlMjU2YjUyNjM2YWE1YTM5MTA4NzBkMDEzNmM0MTqAAn1xAVUEY2FydHECXXED\ncy4=\n', '2012-03-24 14:52:03'),
('15bac1ac12d43f1ea46a21757752fac3', 'Nzg1NGZhZjI2YzFlMjU2YjUyNjM2YWE1YTM5MTA4NzBkMDEzNmM0MTqAAn1xAVUEY2FydHECXXED\ncy4=\n', '2012-03-19 19:03:13'),
('15ca0818a97ad52b32210f5c0f70d4af', 'Nzg1NGZhZjI2YzFlMjU2YjUyNjM2YWE1YTM5MTA4NzBkMDEzNmM0MTqAAn1xAVUEY2FydHECXXED\ncy4=\n', '2012-03-12 08:18:25'),
('15ca14db95c9976c0e1cc7ab0ae9fd62', 'Nzg1NGZhZjI2YzFlMjU2YjUyNjM2YWE1YTM5MTA4NzBkMDEzNmM0MTqAAn1xAVUEY2FydHECXXED\ncy4=\n', '2012-03-10 13:35:51'),
('15d99ee219cbcd7ad5ea538faf495a10', 'Nzg1NGZhZjI2YzFlMjU2YjUyNjM2YWE1YTM5MTA4NzBkMDEzNmM0MTqAAn1xAVUEY2FydHECXXED\ncy4=\n', '2012-03-21 18:53:54'),
('1631f209c46dd40aeb09b4852379a2f8', 'Nzg1NGZhZjI2YzFlMjU2YjUyNjM2YWE1YTM5MTA4NzBkMDEzNmM0MTqAAn1xAVUEY2FydHECXXED\ncy4=\n', '2012-03-10 13:35:21'),
('16aa95eaeefdff1041846ce0e497c7aa', 'Nzg1NGZhZjI2YzFlMjU2YjUyNjM2YWE1YTM5MTA4NzBkMDEzNmM0MTqAAn1xAVUEY2FydHECXXED\ncy4=\n', '2012-03-21 18:53:59'),
('16f137db40ca6aed170678b0bf6ca293', 'Nzg1NGZhZjI2YzFlMjU2YjUyNjM2YWE1YTM5MTA4NzBkMDEzNmM0MTqAAn1xAVUEY2FydHECXXED\ncy4=\n', '2012-03-21 18:53:59'),
('18af53b9d9a1f709d68f1a4dd94dba3b', 'Nzg1NGZhZjI2YzFlMjU2YjUyNjM2YWE1YTM5MTA4NzBkMDEzNmM0MTqAAn1xAVUEY2FydHECXXED\ncy4=\n', '2012-03-19 08:23:03'),
('190cab71b6c01f41865d9338e279323d', 'Nzg1NGZhZjI2YzFlMjU2YjUyNjM2YWE1YTM5MTA4NzBkMDEzNmM0MTqAAn1xAVUEY2FydHECXXED\ncy4=\n', '2012-03-09 18:46:19'),
('1939ee2cb00e923a62fcadc95ef6220d', 'Nzg1NGZhZjI2YzFlMjU2YjUyNjM2YWE1YTM5MTA4NzBkMDEzNmM0MTqAAn1xAVUEY2FydHECXXED\ncy4=\n', '2012-03-19 01:24:39'),
('194074d7e0acb333e58b96f6260aa104', 'Nzg1NGZhZjI2YzFlMjU2YjUyNjM2YWE1YTM5MTA4NzBkMDEzNmM0MTqAAn1xAVUEY2FydHECXXED\ncy4=\n', '2012-03-21 08:06:57'),
('195eba56372b3b37f0f6c1d634059457', 'Nzg1NGZhZjI2YzFlMjU2YjUyNjM2YWE1YTM5MTA4NzBkMDEzNmM0MTqAAn1xAVUEY2FydHECXXED\ncy4=\n', '2012-03-19 08:23:43'),
('1a19e9a4e42a6d260a54e2e23263b6aa', 'Nzg1NGZhZjI2YzFlMjU2YjUyNjM2YWE1YTM5MTA4NzBkMDEzNmM0MTqAAn1xAVUEY2FydHECXXED\ncy4=\n', '2012-03-16 04:56:32'),
('1a50daf54ae225fa4aa55c367082b53a', 'Nzg1NGZhZjI2YzFlMjU2YjUyNjM2YWE1YTM5MTA4NzBkMDEzNmM0MTqAAn1xAVUEY2FydHECXXED\ncy4=\n', '2012-03-20 01:01:07'),
('1a56ea2d340a706bf77c57db893bd4e9', 'Nzg1NGZhZjI2YzFlMjU2YjUyNjM2YWE1YTM5MTA4NzBkMDEzNmM0MTqAAn1xAVUEY2FydHECXXED\ncy4=\n', '2012-03-10 13:35:19'),
('1a7b919cf83bbd2245ddd60110bec0e5', 'Nzg1NGZhZjI2YzFlMjU2YjUyNjM2YWE1YTM5MTA4NzBkMDEzNmM0MTqAAn1xAVUEY2FydHECXXED\ncy4=\n', '2012-03-25 17:48:01'),
('1ab1ca5ad4fd43bbfef1425325e6583d', 'Nzg1NGZhZjI2YzFlMjU2YjUyNjM2YWE1YTM5MTA4NzBkMDEzNmM0MTqAAn1xAVUEY2FydHECXXED\ncy4=\n', '2012-03-19 08:23:00'),
('1aba04a525fdb1574a614a146063d38d', 'Nzg1NGZhZjI2YzFlMjU2YjUyNjM2YWE1YTM5MTA4NzBkMDEzNmM0MTqAAn1xAVUEY2FydHECXXED\ncy4=\n', '2012-03-20 10:21:34'),
('1ac0e4c074e96b5deca0692b310f6740', 'Nzg1NGZhZjI2YzFlMjU2YjUyNjM2YWE1YTM5MTA4NzBkMDEzNmM0MTqAAn1xAVUEY2FydHECXXED\ncy4=\n', '2012-03-09 18:46:21'),
('1ac901f6e7c672b27a24bbf28b33a840', 'Nzg1NGZhZjI2YzFlMjU2YjUyNjM2YWE1YTM5MTA4NzBkMDEzNmM0MTqAAn1xAVUEY2FydHECXXED\ncy4=\n', '2012-03-08 16:19:48'),
('1ae7ac61ae6fa941c1c6e6ed142b2546', 'NDJiNzBhNjRkNzliMDFkMWJlOWQzZmM0ZGMyZDRiMGM2YWU1YWQ2NTqAAn1xAVUEY2FydHECXXED\nfXEEKFUCaWRxBUsIVQRhdXRocQaJVQF0SwJ1YXMu\n', '2012-03-21 07:05:44'),
('1be396cefdd0cb1ddce902aa5f4bed54', 'Nzg1NGZhZjI2YzFlMjU2YjUyNjM2YWE1YTM5MTA4NzBkMDEzNmM0MTqAAn1xAVUEY2FydHECXXED\ncy4=\n', '2012-03-19 19:03:24'),
('1c4b94ae97655be5ef097007bdd60a3f', 'Nzg1NGZhZjI2YzFlMjU2YjUyNjM2YWE1YTM5MTA4NzBkMDEzNmM0MTqAAn1xAVUEY2FydHECXXED\ncy4=\n', '2012-03-19 19:03:24'),
('1c6dcd1d9eb8da685756b2d3277ad92c', 'Nzg1NGZhZjI2YzFlMjU2YjUyNjM2YWE1YTM5MTA4NzBkMDEzNmM0MTqAAn1xAVUEY2FydHECXXED\ncy4=\n', '2012-03-13 11:07:54'),
('1d2209f7166b53d42026b249b0dc8493', 'Nzg1NGZhZjI2YzFlMjU2YjUyNjM2YWE1YTM5MTA4NzBkMDEzNmM0MTqAAn1xAVUEY2FydHECXXED\ncy4=\n', '2012-03-14 17:18:01'),
('1d33eb052f66fa17008b3e7e1b4c4796', 'Nzg1NGZhZjI2YzFlMjU2YjUyNjM2YWE1YTM5MTA4NzBkMDEzNmM0MTqAAn1xAVUEY2FydHECXXED\ncy4=\n', '2012-03-10 13:35:40'),
('1d49aa059b065f528a281784a20988ee', 'Nzg1NGZhZjI2YzFlMjU2YjUyNjM2YWE1YTM5MTA4NzBkMDEzNmM0MTqAAn1xAVUEY2FydHECXXED\ncy4=\n', '2012-03-12 21:40:30'),
('1d74d662740726ca3fc8dd8b75d74a0d', 'Nzg1NGZhZjI2YzFlMjU2YjUyNjM2YWE1YTM5MTA4NzBkMDEzNmM0MTqAAn1xAVUEY2FydHECXXED\ncy4=\n', '2012-03-23 13:15:04'),
('1dac4df89e2fcd2282edbfabcc32b919', 'Nzg1NGZhZjI2YzFlMjU2YjUyNjM2YWE1YTM5MTA4NzBkMDEzNmM0MTqAAn1xAVUEY2FydHECXXED\ncy4=\n', '2012-03-13 01:42:08'),
('1dcef25b6e37336d56893c4b985d5bd5', 'Nzg1NGZhZjI2YzFlMjU2YjUyNjM2YWE1YTM5MTA4NzBkMDEzNmM0MTqAAn1xAVUEY2FydHECXXED\ncy4=\n', '2012-03-26 12:00:24'),
('1e162dec35e305ef8bcd91624e8db1f2', 'Nzg1NGZhZjI2YzFlMjU2YjUyNjM2YWE1YTM5MTA4NzBkMDEzNmM0MTqAAn1xAVUEY2FydHECXXED\ncy4=\n', '2012-03-26 05:18:35'),
('1e266653da9d10d56455924f05a49e10', 'Nzg1NGZhZjI2YzFlMjU2YjUyNjM2YWE1YTM5MTA4NzBkMDEzNmM0MTqAAn1xAVUEY2FydHECXXED\ncy4=\n', '2012-03-19 19:03:31'),
('1e7e721f93a8bd69e133041b99543d1d', 'Nzg1NGZhZjI2YzFlMjU2YjUyNjM2YWE1YTM5MTA4NzBkMDEzNmM0MTqAAn1xAVUEY2FydHECXXED\ncy4=\n', '2012-03-19 01:23:35'),
('1e84abe31b77414cdeb5c8ae80af79dd', 'Nzg1NGZhZjI2YzFlMjU2YjUyNjM2YWE1YTM5MTA4NzBkMDEzNmM0MTqAAn1xAVUEY2FydHECXXED\ncy4=\n', '2012-03-25 11:27:53'),
('1eb5d582b6d37864c492354390bdcca9', 'Nzg1NGZhZjI2YzFlMjU2YjUyNjM2YWE1YTM5MTA4NzBkMDEzNmM0MTqAAn1xAVUEY2FydHECXXED\ncy4=\n', '2012-03-09 18:46:19'),
('1eff8cf8ab0a11dc6b432cd812a74653', 'Nzg1NGZhZjI2YzFlMjU2YjUyNjM2YWE1YTM5MTA4NzBkMDEzNmM0MTqAAn1xAVUEY2FydHECXXED\ncy4=\n', '2012-03-25 17:48:22'),
('1f3d27002ed79deefb2f4655bf1100b2', 'Nzg1NGZhZjI2YzFlMjU2YjUyNjM2YWE1YTM5MTA4NzBkMDEzNmM0MTqAAn1xAVUEY2FydHECXXED\ncy4=\n', '2012-03-09 18:14:52'),
('1f437ce30bb98622028f224e5dcab57b', 'Nzg1NGZhZjI2YzFlMjU2YjUyNjM2YWE1YTM5MTA4NzBkMDEzNmM0MTqAAn1xAVUEY2FydHECXXED\ncy4=\n', '2012-03-19 01:23:36'),
('1f9872c0376728b249064748da194343', 'Nzg1NGZhZjI2YzFlMjU2YjUyNjM2YWE1YTM5MTA4NzBkMDEzNmM0MTqAAn1xAVUEY2FydHECXXED\ncy4=\n', '2012-03-19 19:03:26'),
('1fa05cf1b85138ce7a417633d7e345ea', 'Nzg1NGZhZjI2YzFlMjU2YjUyNjM2YWE1YTM5MTA4NzBkMDEzNmM0MTqAAn1xAVUEY2FydHECXXED\ncy4=\n', '2012-03-24 14:22:32'),
('20360e54ab673da3410db3055f8c9697', 'Nzg1NGZhZjI2YzFlMjU2YjUyNjM2YWE1YTM5MTA4NzBkMDEzNmM0MTqAAn1xAVUEY2FydHECXXED\ncy4=\n', '2012-03-14 17:18:26'),
('20eb81e3e8f46e97fc38874d2ef7947c', 'Nzg1NGZhZjI2YzFlMjU2YjUyNjM2YWE1YTM5MTA4NzBkMDEzNmM0MTqAAn1xAVUEY2FydHECXXED\ncy4=\n', '2012-03-19 08:23:17'),
('20fe4079d6ae9a8b88d11d4802b1f1eb', 'Nzg1NGZhZjI2YzFlMjU2YjUyNjM2YWE1YTM5MTA4NzBkMDEzNmM0MTqAAn1xAVUEY2FydHECXXED\ncy4=\n', '2012-03-10 13:35:15'),
('2104a060ed8cf2f9cb55abade00e3ea3', 'Nzg1NGZhZjI2YzFlMjU2YjUyNjM2YWE1YTM5MTA4NzBkMDEzNmM0MTqAAn1xAVUEY2FydHECXXED\ncy4=\n', '2012-03-24 18:36:19'),
('21694f270fdd895e56f40360c5c35edf', 'Nzg1NGZhZjI2YzFlMjU2YjUyNjM2YWE1YTM5MTA4NzBkMDEzNmM0MTqAAn1xAVUEY2FydHECXXED\ncy4=\n', '2012-03-14 17:18:27'),
('21a1e172b018b96010524cba7732ffb4', 'Nzg1NGZhZjI2YzFlMjU2YjUyNjM2YWE1YTM5MTA4NzBkMDEzNmM0MTqAAn1xAVUEY2FydHECXXED\ncy4=\n', '2012-03-25 17:48:15'),
('22233a53616859eac636b4d97d20edad', 'Nzg1NGZhZjI2YzFlMjU2YjUyNjM2YWE1YTM5MTA4NzBkMDEzNmM0MTqAAn1xAVUEY2FydHECXXED\ncy4=\n', '2012-03-19 19:03:13'),
('2297aa653621ce3b5d6a1acfc8f52307', 'Nzg1NGZhZjI2YzFlMjU2YjUyNjM2YWE1YTM5MTA4NzBkMDEzNmM0MTqAAn1xAVUEY2FydHECXXED\ncy4=\n', '2012-03-24 16:10:40'),
('229f6db0a27876dc23bf15b44fed7fcb', 'Nzg1NGZhZjI2YzFlMjU2YjUyNjM2YWE1YTM5MTA4NzBkMDEzNmM0MTqAAn1xAVUEY2FydHECXXED\ncy4=\n', '2012-03-20 10:21:30'),
('2312f04812caed9766db40c05dbf2dd9', 'Nzg1NGZhZjI2YzFlMjU2YjUyNjM2YWE1YTM5MTA4NzBkMDEzNmM0MTqAAn1xAVUEY2FydHECXXED\ncy4=\n', '2012-03-21 10:52:52'),
('232333862e9db8b1e859086aea581954', 'Nzg1NGZhZjI2YzFlMjU2YjUyNjM2YWE1YTM5MTA4NzBkMDEzNmM0MTqAAn1xAVUEY2FydHECXXED\ncy4=\n', '2012-03-26 12:00:24'),
('234c9e408bb041cfaa875f8beb44f156', 'Nzg1NGZhZjI2YzFlMjU2YjUyNjM2YWE1YTM5MTA4NzBkMDEzNmM0MTqAAn1xAVUEY2FydHECXXED\ncy4=\n', '2012-03-25 14:46:21'),
('238c0b3600261a670c030c2c5f7c1f78', 'Nzg1NGZhZjI2YzFlMjU2YjUyNjM2YWE1YTM5MTA4NzBkMDEzNmM0MTqAAn1xAVUEY2FydHECXXED\ncy4=\n', '2012-03-24 18:03:25'),
('23dfcd9fc49400c845b7263753aadbec', 'Nzg1NGZhZjI2YzFlMjU2YjUyNjM2YWE1YTM5MTA4NzBkMDEzNmM0MTqAAn1xAVUEY2FydHECXXED\ncy4=\n', '2012-03-24 17:32:30'),
('240db99fd596122e4c06c4f0cfb6b353', 'Nzg1NGZhZjI2YzFlMjU2YjUyNjM2YWE1YTM5MTA4NzBkMDEzNmM0MTqAAn1xAVUEY2FydHECXXED\ncy4=\n', '2012-03-14 16:49:02'),
('2421f59fbe417f724e4c0a576314b751', 'OGM1NjExOWU0NjQxOWVlZmU3NmYwMzMyNDVkMTc2NjM0MmZkNjQzMDqAAn1xAShVEl9hdXRoX3Vz\nZXJfYmFja2VuZHECVSlkamFuZ28uY29udHJpYi5hdXRoLmJhY2tlbmRzLk1vZGVsQmFja2VuZHED\nVQ1fYXV0aF91c2VyX2lkcQSKAQJ1Lg==\n', '2012-01-01 15:20:55'),
('2478f98e9b75212c152d9f78fe28b243', 'Nzg1NGZhZjI2YzFlMjU2YjUyNjM2YWE1YTM5MTA4NzBkMDEzNmM0MTqAAn1xAVUEY2FydHECXXED\ncy4=\n', '2012-03-09 18:46:20'),
('249baee846572f2e987596b70c206e26', 'Nzg1NGZhZjI2YzFlMjU2YjUyNjM2YWE1YTM5MTA4NzBkMDEzNmM0MTqAAn1xAVUEY2FydHECXXED\ncy4=\n', '2012-03-21 09:48:19'),
('25216f78e1c9f7daf8d3a0b2106e5b9a', 'Nzg1NGZhZjI2YzFlMjU2YjUyNjM2YWE1YTM5MTA4NzBkMDEzNmM0MTqAAn1xAVUEY2FydHECXXED\ncy4=\n', '2012-03-19 19:03:30'),
('25584dcdb147790554e14b4e46bb3fc9', 'Nzg1NGZhZjI2YzFlMjU2YjUyNjM2YWE1YTM5MTA4NzBkMDEzNmM0MTqAAn1xAVUEY2FydHECXXED\ncy4=\n', '2012-03-09 18:14:37'),
('256da3e6462a7a8665dea0e9ee7b4c41', 'Nzg1NGZhZjI2YzFlMjU2YjUyNjM2YWE1YTM5MTA4NzBkMDEzNmM0MTqAAn1xAVUEY2FydHECXXED\ncy4=\n', '2012-03-09 18:14:40'),
('256fc8bf604ea77a3ad24c088e4b8bac', 'Nzg1NGZhZjI2YzFlMjU2YjUyNjM2YWE1YTM5MTA4NzBkMDEzNmM0MTqAAn1xAVUEY2FydHECXXED\ncy4=\n', '2012-03-21 09:44:38'),
('257cb889d11f206d09c67b16cee159c9', 'Nzg1NGZhZjI2YzFlMjU2YjUyNjM2YWE1YTM5MTA4NzBkMDEzNmM0MTqAAn1xAVUEY2FydHECXXED\ncy4=\n', '2012-03-20 10:21:19'),
('2615066c149846ebe58db816261e28ba', 'Nzg1NGZhZjI2YzFlMjU2YjUyNjM2YWE1YTM5MTA4NzBkMDEzNmM0MTqAAn1xAVUEY2FydHECXXED\ncy4=\n', '2012-03-12 12:55:28'),
('26551e5f5961c30bd4a698ada9b367c7', 'Nzg1NGZhZjI2YzFlMjU2YjUyNjM2YWE1YTM5MTA4NzBkMDEzNmM0MTqAAn1xAVUEY2FydHECXXED\ncy4=\n', '2012-03-19 19:03:18'),
('271d225e2de8352bf223d9bab181ecd6', 'Nzg1NGZhZjI2YzFlMjU2YjUyNjM2YWE1YTM5MTA4NzBkMDEzNmM0MTqAAn1xAVUEY2FydHECXXED\ncy4=\n', '2012-03-20 00:40:30'),
('2752ed36d4e59e4bc7cb796c51a3d01b', 'Nzg1NGZhZjI2YzFlMjU2YjUyNjM2YWE1YTM5MTA4NzBkMDEzNmM0MTqAAn1xAVUEY2FydHECXXED\ncy4=\n', '2012-03-23 16:48:56'),
('28112f875372cdced50d393c9cb39980', 'Nzg1NGZhZjI2YzFlMjU2YjUyNjM2YWE1YTM5MTA4NzBkMDEzNmM0MTqAAn1xAVUEY2FydHECXXED\ncy4=\n', '2012-03-20 00:57:29'),
('28ba4f210adaf26d7d06526a19cd18f6', 'Nzg1NGZhZjI2YzFlMjU2YjUyNjM2YWE1YTM5MTA4NzBkMDEzNmM0MTqAAn1xAVUEY2FydHECXXED\ncy4=\n', '2012-03-21 10:04:24'),
('28d1b68493ae6b677afd7f7e1c730a4f', 'Nzg1NGZhZjI2YzFlMjU2YjUyNjM2YWE1YTM5MTA4NzBkMDEzNmM0MTqAAn1xAVUEY2FydHECXXED\ncy4=\n', '2012-03-23 12:32:28'),
('28d8938325b3535d0178370dba072a7d', 'Nzg1NGZhZjI2YzFlMjU2YjUyNjM2YWE1YTM5MTA4NzBkMDEzNmM0MTqAAn1xAVUEY2FydHECXXED\ncy4=\n', '2012-03-19 19:03:21'),
('28e07dd8993bef83992e44c7a4110ddf', 'Nzg1NGZhZjI2YzFlMjU2YjUyNjM2YWE1YTM5MTA4NzBkMDEzNmM0MTqAAn1xAVUEY2FydHECXXED\ncy4=\n', '2012-03-12 21:40:45'),
('292357351dd65cef1e9c5b801a92533c', 'Nzg1NGZhZjI2YzFlMjU2YjUyNjM2YWE1YTM5MTA4NzBkMDEzNmM0MTqAAn1xAVUEY2FydHECXXED\ncy4=\n', '2012-03-21 08:51:48'),
('292bca8723a8e97d145f38d30d5b8a02', 'Nzg1NGZhZjI2YzFlMjU2YjUyNjM2YWE1YTM5MTA4NzBkMDEzNmM0MTqAAn1xAVUEY2FydHECXXED\ncy4=\n', '2012-03-19 01:24:52'),
('2986e1eb79e231c0941abca1c43b2863', 'Nzg1NGZhZjI2YzFlMjU2YjUyNjM2YWE1YTM5MTA4NzBkMDEzNmM0MTqAAn1xAVUEY2FydHECXXED\ncy4=\n', '2012-03-20 10:21:28'),
('29ad32a0f0100ee1b5e7a63f60db5b21', 'Nzg1NGZhZjI2YzFlMjU2YjUyNjM2YWE1YTM5MTA4NzBkMDEzNmM0MTqAAn1xAVUEY2FydHECXXED\ncy4=\n', '2012-03-17 16:56:13'),
('29b8673c4a2b7f8da5c9e9af474cd7b6', 'Nzg1NGZhZjI2YzFlMjU2YjUyNjM2YWE1YTM5MTA4NzBkMDEzNmM0MTqAAn1xAVUEY2FydHECXXED\ncy4=\n', '2012-03-19 01:24:44'),
('29d2741f234efab84a9872b965c73d97', 'Nzg1NGZhZjI2YzFlMjU2YjUyNjM2YWE1YTM5MTA4NzBkMDEzNmM0MTqAAn1xAVUEY2FydHECXXED\ncy4=\n', '2012-03-09 18:14:52'),
('2a0870b05af0fe09d18f73f602de1f98', 'Nzg1NGZhZjI2YzFlMjU2YjUyNjM2YWE1YTM5MTA4NzBkMDEzNmM0MTqAAn1xAVUEY2FydHECXXED\ncy4=\n', '2012-03-10 13:35:41'),
('2a14c8b6e59936f769fcddbe23429e86', 'Nzg1NGZhZjI2YzFlMjU2YjUyNjM2YWE1YTM5MTA4NzBkMDEzNmM0MTqAAn1xAVUEY2FydHECXXED\ncy4=\n', '2012-03-09 18:14:45'),
('2a4836156549125189ede176fe66c7a8', 'Nzg1NGZhZjI2YzFlMjU2YjUyNjM2YWE1YTM5MTA4NzBkMDEzNmM0MTqAAn1xAVUEY2FydHECXXED\ncy4=\n', '2012-03-10 08:20:33'),
('2a4b5eaf6132e7b389b49180ee0eb4dc', 'Nzg1NGZhZjI2YzFlMjU2YjUyNjM2YWE1YTM5MTA4NzBkMDEzNmM0MTqAAn1xAVUEY2FydHECXXED\ncy4=\n', '2012-03-20 02:43:58'),
('2a585ee35b466b42cb56c4dcee4ee413', 'Nzg1NGZhZjI2YzFlMjU2YjUyNjM2YWE1YTM5MTA4NzBkMDEzNmM0MTqAAn1xAVUEY2FydHECXXED\ncy4=\n', '2012-03-25 17:48:02'),
('2a61536e15ac78e9134d5da778969c4c', 'Nzg1NGZhZjI2YzFlMjU2YjUyNjM2YWE1YTM5MTA4NzBkMDEzNmM0MTqAAn1xAVUEY2FydHECXXED\ncy4=\n', '2012-03-22 17:48:29'),
('2a86264d179526092abec6b1347e0595', 'Nzg1NGZhZjI2YzFlMjU2YjUyNjM2YWE1YTM5MTA4NzBkMDEzNmM0MTqAAn1xAVUEY2FydHECXXED\ncy4=\n', '2012-03-21 18:53:52'),
('2ab9f5e8be0cbf1108026be7ed51a582', 'Nzg1NGZhZjI2YzFlMjU2YjUyNjM2YWE1YTM5MTA4NzBkMDEzNmM0MTqAAn1xAVUEY2FydHECXXED\ncy4=\n', '2012-03-17 16:56:21'),
('2acc4c4d5df39370b9714b6814e647c5', 'Nzg1NGZhZjI2YzFlMjU2YjUyNjM2YWE1YTM5MTA4NzBkMDEzNmM0MTqAAn1xAVUEY2FydHECXXED\ncy4=\n', '2012-03-10 13:35:54'),
('2ace9680183945ead84de3a00d5e9f6f', 'Nzg1NGZhZjI2YzFlMjU2YjUyNjM2YWE1YTM5MTA4NzBkMDEzNmM0MTqAAn1xAVUEY2FydHECXXED\ncy4=\n', '2012-03-20 13:28:39'),
('2acf7c55df2f9d5539d50bb681e18858', 'Nzg1NGZhZjI2YzFlMjU2YjUyNjM2YWE1YTM5MTA4NzBkMDEzNmM0MTqAAn1xAVUEY2FydHECXXED\ncy4=\n', '2012-03-21 08:46:20'),
('2afc86407ceadbbd478f895e1415dd14', 'Nzg1NGZhZjI2YzFlMjU2YjUyNjM2YWE1YTM5MTA4NzBkMDEzNmM0MTqAAn1xAVUEY2FydHECXXED\ncy4=\n', '2012-03-08 16:19:45'),
('2b3f34248d2ddaabacb88fdf38c7831a', 'Nzg1NGZhZjI2YzFlMjU2YjUyNjM2YWE1YTM5MTA4NzBkMDEzNmM0MTqAAn1xAVUEY2FydHECXXED\ncy4=\n', '2012-03-13 11:08:00'),
('2b7c4058b76d2584cf0a2892f76cc5ea', 'Nzg1NGZhZjI2YzFlMjU2YjUyNjM2YWE1YTM5MTA4NzBkMDEzNmM0MTqAAn1xAVUEY2FydHECXXED\ncy4=\n', '2012-03-16 04:59:58'),
('2bc23bc22dba4073a6d1308083c35c28', 'Nzg1NGZhZjI2YzFlMjU2YjUyNjM2YWE1YTM5MTA4NzBkMDEzNmM0MTqAAn1xAVUEY2FydHECXXED\ncy4=\n', '2012-03-19 01:24:41'),
('2ccddfea9e497622094a42e9dea1b903', 'Nzg1NGZhZjI2YzFlMjU2YjUyNjM2YWE1YTM5MTA4NzBkMDEzNmM0MTqAAn1xAVUEY2FydHECXXED\ncy4=\n', '2012-03-25 17:48:11'),
('2d783783652a1c697a6d57134e80ac6b', 'Nzg1NGZhZjI2YzFlMjU2YjUyNjM2YWE1YTM5MTA4NzBkMDEzNmM0MTqAAn1xAVUEY2FydHECXXED\ncy4=\n', '2012-03-08 16:19:58'),
('2d8249b50d844b5be1903a280cfa6896', 'Nzg1NGZhZjI2YzFlMjU2YjUyNjM2YWE1YTM5MTA4NzBkMDEzNmM0MTqAAn1xAVUEY2FydHECXXED\ncy4=\n', '2012-03-24 23:49:00'),
('2dbd6918e3efd771d40204957491f9ae', 'Nzg1NGZhZjI2YzFlMjU2YjUyNjM2YWE1YTM5MTA4NzBkMDEzNmM0MTqAAn1xAVUEY2FydHECXXED\ncy4=\n', '2012-03-17 16:56:10'),
('2e42d6e94bd5bba92a3a580262e381b7', 'Nzg1NGZhZjI2YzFlMjU2YjUyNjM2YWE1YTM5MTA4NzBkMDEzNmM0MTqAAn1xAVUEY2FydHECXXED\ncy4=\n', '2012-03-15 11:01:39'),
('2e69410374f77961d9ab10d484015978', 'Nzg1NGZhZjI2YzFlMjU2YjUyNjM2YWE1YTM5MTA4NzBkMDEzNmM0MTqAAn1xAVUEY2FydHECXXED\ncy4=\n', '2012-03-25 17:48:23'),
('2e7b057472ebaef7441dc17dfc208e2e', 'Nzg1NGZhZjI2YzFlMjU2YjUyNjM2YWE1YTM5MTA4NzBkMDEzNmM0MTqAAn1xAVUEY2FydHECXXED\ncy4=\n', '2012-03-23 16:45:02'),
('2e9cad15790d35913904257d4e73ea27', 'Nzg1NGZhZjI2YzFlMjU2YjUyNjM2YWE1YTM5MTA4NzBkMDEzNmM0MTqAAn1xAVUEY2FydHECXXED\ncy4=\n', '2012-03-12 21:40:41'),
('2eaac2c3c42afd0967ba96b901eb8020', 'Nzg1NGZhZjI2YzFlMjU2YjUyNjM2YWE1YTM5MTA4NzBkMDEzNmM0MTqAAn1xAVUEY2FydHECXXED\ncy4=\n', '2012-03-25 17:48:31'),
('2f36efd8cb3ca9e57eef55ec379e358e', 'Nzg1NGZhZjI2YzFlMjU2YjUyNjM2YWE1YTM5MTA4NzBkMDEzNmM0MTqAAn1xAVUEY2FydHECXXED\ncy4=\n', '2012-03-21 11:23:04'),
('2f438047af7b4d3cfb3577d0d351d17f', 'Nzg1NGZhZjI2YzFlMjU2YjUyNjM2YWE1YTM5MTA4NzBkMDEzNmM0MTqAAn1xAVUEY2FydHECXXED\ncy4=\n', '2012-03-25 17:48:24'),
('304fb3154eccde7ade78c7460ab277c1', 'Nzg1NGZhZjI2YzFlMjU2YjUyNjM2YWE1YTM5MTA4NzBkMDEzNmM0MTqAAn1xAVUEY2FydHECXXED\ncy4=\n', '2012-03-20 00:57:30'),
('306160d83c168850fcdb4fc6c3438c68', 'Nzg1NGZhZjI2YzFlMjU2YjUyNjM2YWE1YTM5MTA4NzBkMDEzNmM0MTqAAn1xAVUEY2FydHECXXED\ncy4=\n', '2012-03-20 00:53:59'),
('3068c6328ae9072696d67bf73a58918f', 'Nzg1NGZhZjI2YzFlMjU2YjUyNjM2YWE1YTM5MTA4NzBkMDEzNmM0MTqAAn1xAVUEY2FydHECXXED\ncy4=\n', '2012-03-21 08:35:28'),
('306dda3d36986e92c37274fba350bbe2', 'Nzg1NGZhZjI2YzFlMjU2YjUyNjM2YWE1YTM5MTA4NzBkMDEzNmM0MTqAAn1xAVUEY2FydHECXXED\ncy4=\n', '2012-03-21 18:54:00'),
('30726a38cd15a065c20a3cdf1e3e3fa2', 'Nzg1NGZhZjI2YzFlMjU2YjUyNjM2YWE1YTM5MTA4NzBkMDEzNmM0MTqAAn1xAVUEY2FydHECXXED\ncy4=\n', '2012-03-20 00:50:36'),
('30aa11c3fa4d6e4371649bfc92f3f8fe', 'Nzg1NGZhZjI2YzFlMjU2YjUyNjM2YWE1YTM5MTA4NzBkMDEzNmM0MTqAAn1xAVUEY2FydHECXXED\ncy4=\n', '2012-03-25 17:48:32'),
('30cda988e696cbed383c8629fcbb4e91', 'YzE3MmE3ZDJkYTcwY2NjMWIzMzE0MDY3MWFmMGI4YjI5M2YwODZjNjqAAn1xAShVEl9hdXRoX3Vz\nZXJfYmFja2VuZHECVSlkamFuZ28uY29udHJpYi5hdXRoLmJhY2tlbmRzLk1vZGVsQmFja2VuZHED\nVQ1fYXV0aF91c2VyX2lkcQSKAQJVBGNhcnRxBV1xBnUu\n', '2012-02-28 09:22:23'),
('30f9f93467e1a7021a1abb4634b415bb', 'Nzg1NGZhZjI2YzFlMjU2YjUyNjM2YWE1YTM5MTA4NzBkMDEzNmM0MTqAAn1xAVUEY2FydHECXXED\ncy4=\n', '2012-03-19 19:03:19'),
('310963de22041be468e97fd9b6145766', 'Nzg1NGZhZjI2YzFlMjU2YjUyNjM2YWE1YTM5MTA4NzBkMDEzNmM0MTqAAn1xAVUEY2FydHECXXED\ncy4=\n', '2012-03-12 16:52:12'),
('316171f5023d0672c45f3ac774d59063', 'Nzg1NGZhZjI2YzFlMjU2YjUyNjM2YWE1YTM5MTA4NzBkMDEzNmM0MTqAAn1xAVUEY2FydHECXXED\ncy4=\n', '2012-03-12 08:18:24'),
('31621df1ebcb1ef137f1b7d761eb1126', 'Nzg1NGZhZjI2YzFlMjU2YjUyNjM2YWE1YTM5MTA4NzBkMDEzNmM0MTqAAn1xAVUEY2FydHECXXED\ncy4=\n', '2012-03-25 17:59:59'),
('31978717c46f2a82a23bf7f46273ca93', 'Nzg1NGZhZjI2YzFlMjU2YjUyNjM2YWE1YTM5MTA4NzBkMDEzNmM0MTqAAn1xAVUEY2FydHECXXED\ncy4=\n', '2012-03-12 21:40:42'),
('31c7cdd78d3824e3bd1df621534d18ec', 'Nzg1NGZhZjI2YzFlMjU2YjUyNjM2YWE1YTM5MTA4NzBkMDEzNmM0MTqAAn1xAVUEY2FydHECXXED\ncy4=\n', '2012-03-10 13:35:46'),
('321ea950fe41d95e26bd80fc4fe70f2c', 'Nzg1NGZhZjI2YzFlMjU2YjUyNjM2YWE1YTM5MTA4NzBkMDEzNmM0MTqAAn1xAVUEY2FydHECXXED\ncy4=\n', '2012-03-24 17:32:29'),
('3279ca56a4b0ea5978101ee4e54e9f80', 'Nzg1NGZhZjI2YzFlMjU2YjUyNjM2YWE1YTM5MTA4NzBkMDEzNmM0MTqAAn1xAVUEY2FydHECXXED\ncy4=\n', '2012-03-24 09:46:23'),
('328fd55b882ae02f02505d4619335148', 'Nzg1NGZhZjI2YzFlMjU2YjUyNjM2YWE1YTM5MTA4NzBkMDEzNmM0MTqAAn1xAVUEY2FydHECXXED\ncy4=\n', '2012-03-25 17:19:25'),
('333cf1370a80c09e2f3656f02d427233', 'Nzg1NGZhZjI2YzFlMjU2YjUyNjM2YWE1YTM5MTA4NzBkMDEzNmM0MTqAAn1xAVUEY2FydHECXXED\ncy4=\n', '2012-03-17 16:56:00'),
('33931bf956c4b44c8032a42874b846d6', 'Nzg1NGZhZjI2YzFlMjU2YjUyNjM2YWE1YTM5MTA4NzBkMDEzNmM0MTqAAn1xAVUEY2FydHECXXED\ncy4=\n', '2012-03-13 01:42:08'),
('33b33bd2e81a31dd20cee33c578e84ad', 'Nzg1NGZhZjI2YzFlMjU2YjUyNjM2YWE1YTM5MTA4NzBkMDEzNmM0MTqAAn1xAVUEY2FydHECXXED\ncy4=\n', '2012-03-25 14:47:50'),
('33bcf2321e8c7254f18356160c9b012d', 'Nzg1NGZhZjI2YzFlMjU2YjUyNjM2YWE1YTM5MTA4NzBkMDEzNmM0MTqAAn1xAVUEY2FydHECXXED\ncy4=\n', '2012-03-24 07:58:44'),
('33ee9dc895618b0bbdd252170f5f095f', 'Nzg1NGZhZjI2YzFlMjU2YjUyNjM2YWE1YTM5MTA4NzBkMDEzNmM0MTqAAn1xAVUEY2FydHECXXED\ncy4=\n', '2012-03-13 11:07:55'),
('33f71fb57a6d7b714a2a0e95d4bdab4d', 'Nzg1NGZhZjI2YzFlMjU2YjUyNjM2YWE1YTM5MTA4NzBkMDEzNmM0MTqAAn1xAVUEY2FydHECXXED\ncy4=\n', '2012-03-14 17:18:28'),
('3520610f6818f130d5d99affed919031', 'Nzg1NGZhZjI2YzFlMjU2YjUyNjM2YWE1YTM5MTA4NzBkMDEzNmM0MTqAAn1xAVUEY2FydHECXXED\ncy4=\n', '2012-03-22 07:43:34'),
('35760f484840c16f45bd42560059f451', 'Nzg1NGZhZjI2YzFlMjU2YjUyNjM2YWE1YTM5MTA4NzBkMDEzNmM0MTqAAn1xAVUEY2FydHECXXED\ncy4=\n', '2012-03-19 01:23:46'),
('36649be0da1418c6864ba07ce9d60c39', 'Nzg1NGZhZjI2YzFlMjU2YjUyNjM2YWE1YTM5MTA4NzBkMDEzNmM0MTqAAn1xAVUEY2FydHECXXED\ncy4=\n', '2012-03-25 17:48:07'),
('36870eebfa01ad1cb05f3d32bdf1f411', 'Nzg1NGZhZjI2YzFlMjU2YjUyNjM2YWE1YTM5MTA4NzBkMDEzNmM0MTqAAn1xAVUEY2FydHECXXED\ncy4=\n', '2012-03-13 01:42:08'),
('36abc7752341b8c63908dfbc142bf703', 'Nzg1NGZhZjI2YzFlMjU2YjUyNjM2YWE1YTM5MTA4NzBkMDEzNmM0MTqAAn1xAVUEY2FydHECXXED\ncy4=\n', '2012-03-20 13:28:38'),
('37032d261a663bb533c7d4450c50e958', 'Nzg1NGZhZjI2YzFlMjU2YjUyNjM2YWE1YTM5MTA4NzBkMDEzNmM0MTqAAn1xAVUEY2FydHECXXED\ncy4=\n', '2012-03-18 17:05:52'),
('37bcdeb76110359d3e4de51a11708fe0', 'Nzg1NGZhZjI2YzFlMjU2YjUyNjM2YWE1YTM5MTA4NzBkMDEzNmM0MTqAAn1xAVUEY2FydHECXXED\ncy4=\n', '2012-03-09 18:14:55'),
('37c97c6212173f98dddc5fa804cbcfd4', 'Nzg1NGZhZjI2YzFlMjU2YjUyNjM2YWE1YTM5MTA4NzBkMDEzNmM0MTqAAn1xAVUEY2FydHECXXED\ncy4=\n', '2012-03-19 01:23:40'),
('382a14115b7588d2f709e2a9c08722a8', 'Nzg1NGZhZjI2YzFlMjU2YjUyNjM2YWE1YTM5MTA4NzBkMDEzNmM0MTqAAn1xAVUEY2FydHECXXED\ncy4=\n', '2012-03-08 16:19:35'),
('382db89bee44b75407651fd0891bd3f9', 'Nzg1NGZhZjI2YzFlMjU2YjUyNjM2YWE1YTM5MTA4NzBkMDEzNmM0MTqAAn1xAVUEY2FydHECXXED\ncy4=\n', '2012-03-21 08:43:36'),
('38324feaeb215e8d0d538c1f54e6c045', 'Nzg1NGZhZjI2YzFlMjU2YjUyNjM2YWE1YTM5MTA4NzBkMDEzNmM0MTqAAn1xAVUEY2FydHECXXED\ncy4=\n', '2012-03-20 01:04:45'),
('383fea71757dc4282f00c8029cf00d94', 'Nzg1NGZhZjI2YzFlMjU2YjUyNjM2YWE1YTM5MTA4NzBkMDEzNmM0MTqAAn1xAVUEY2FydHECXXED\ncy4=\n', '2012-03-19 01:23:48'),
('39497fbdc7115d88f968d6ee4f93d6c5', 'Nzg1NGZhZjI2YzFlMjU2YjUyNjM2YWE1YTM5MTA4NzBkMDEzNmM0MTqAAn1xAVUEY2FydHECXXED\ncy4=\n', '2012-03-21 18:54:02'),
('394aa2d08b49de3fdc31a5264f1cf965', 'Nzg1NGZhZjI2YzFlMjU2YjUyNjM2YWE1YTM5MTA4NzBkMDEzNmM0MTqAAn1xAVUEY2FydHECXXED\ncy4=\n', '2012-03-25 17:48:33'),
('3a66ab913ff1aab4a3a94db506846734', 'Nzg1NGZhZjI2YzFlMjU2YjUyNjM2YWE1YTM5MTA4NzBkMDEzNmM0MTqAAn1xAVUEY2FydHECXXED\ncy4=\n', '2012-03-09 18:14:57'),
('3b4dd5de2c37c2f44dded0e40039582a', 'Nzg1NGZhZjI2YzFlMjU2YjUyNjM2YWE1YTM5MTA4NzBkMDEzNmM0MTqAAn1xAVUEY2FydHECXXED\ncy4=\n', '2012-03-12 08:18:22'),
('3b69724b9489e489d8d42f4ba8b6d2de', 'Nzg1NGZhZjI2YzFlMjU2YjUyNjM2YWE1YTM5MTA4NzBkMDEzNmM0MTqAAn1xAVUEY2FydHECXXED\ncy4=\n', '2012-03-19 08:23:32'),
('3b7905cf8217663a1198c4ebe97ac59d', 'Nzg1NGZhZjI2YzFlMjU2YjUyNjM2YWE1YTM5MTA4NzBkMDEzNmM0MTqAAn1xAVUEY2FydHECXXED\ncy4=\n', '2012-03-19 01:24:47'),
('3c036f91d3e6fee975c5e5214c9c6901', 'Nzg1NGZhZjI2YzFlMjU2YjUyNjM2YWE1YTM5MTA4NzBkMDEzNmM0MTqAAn1xAVUEY2FydHECXXED\ncy4=\n', '2012-03-13 11:07:51'),
('3c09afdc8910094741a9096f3a6722d6', 'Nzg1NGZhZjI2YzFlMjU2YjUyNjM2YWE1YTM5MTA4NzBkMDEzNmM0MTqAAn1xAVUEY2FydHECXXED\ncy4=\n', '2012-03-19 01:23:29'),
('3c33505ba84e1803ad0ab989ddc6e979', 'Nzg1NGZhZjI2YzFlMjU2YjUyNjM2YWE1YTM5MTA4NzBkMDEzNmM0MTqAAn1xAVUEY2FydHECXXED\ncy4=\n', '2012-03-10 20:20:45'),
('3cb2537b59de392972ac849148bddd6c', 'Nzg1NGZhZjI2YzFlMjU2YjUyNjM2YWE1YTM5MTA4NzBkMDEzNmM0MTqAAn1xAVUEY2FydHECXXED\ncy4=\n', '2012-03-14 17:17:48'),
('3cd71c0f90a90d2b3d794606fe70b9b7', 'Nzg1NGZhZjI2YzFlMjU2YjUyNjM2YWE1YTM5MTA4NzBkMDEzNmM0MTqAAn1xAVUEY2FydHECXXED\ncy4=\n', '2012-03-20 03:16:26'),
('3d5b7300f14add8ebf5fb8187d8be5e3', 'Nzg1NGZhZjI2YzFlMjU2YjUyNjM2YWE1YTM5MTA4NzBkMDEzNmM0MTqAAn1xAVUEY2FydHECXXED\ncy4=\n', '2012-03-19 01:24:39'),
('3d6ad0b239ded44fbf4e22f4209870d8', 'Nzg1NGZhZjI2YzFlMjU2YjUyNjM2YWE1YTM5MTA4NzBkMDEzNmM0MTqAAn1xAVUEY2FydHECXXED\ncy4=\n', '2012-03-21 18:54:04'),
('3d896c1e1b3ca3259771d909f3b0393e', 'Nzg1NGZhZjI2YzFlMjU2YjUyNjM2YWE1YTM5MTA4NzBkMDEzNmM0MTqAAn1xAVUEY2FydHECXXED\ncy4=\n', '2012-03-12 21:40:34'),
('3df8add2f18e773400c52fbe963d7ee0', 'Nzg1NGZhZjI2YzFlMjU2YjUyNjM2YWE1YTM5MTA4NzBkMDEzNmM0MTqAAn1xAVUEY2FydHECXXED\ncy4=\n', '2012-03-15 06:18:35'),
('3e0e91cb69ab74f2d4caacdac35cd0b4', 'Nzg1NGZhZjI2YzFlMjU2YjUyNjM2YWE1YTM5MTA4NzBkMDEzNmM0MTqAAn1xAVUEY2FydHECXXED\ncy4=\n', '2012-03-12 21:40:27'),
('3e2ab3b13396ac68fdc6df1a700a5889', 'Nzg1NGZhZjI2YzFlMjU2YjUyNjM2YWE1YTM5MTA4NzBkMDEzNmM0MTqAAn1xAVUEY2FydHECXXED\ncy4=\n', '2012-03-21 18:53:59'),
('3eb0bb7f87eee45eb7358edafc6ae40b', 'Nzg1NGZhZjI2YzFlMjU2YjUyNjM2YWE1YTM5MTA4NzBkMDEzNmM0MTqAAn1xAVUEY2FydHECXXED\ncy4=\n', '2012-03-21 09:52:01'),
('3f31c04d9ae066c76c4bdd5b6c6f4419', 'Nzg1NGZhZjI2YzFlMjU2YjUyNjM2YWE1YTM5MTA4NzBkMDEzNmM0MTqAAn1xAVUEY2FydHECXXED\ncy4=\n', '2012-03-21 09:57:33'),
('3f9d1cdbc4fc51a5a3537557717cf8b3', 'Nzg1NGZhZjI2YzFlMjU2YjUyNjM2YWE1YTM5MTA4NzBkMDEzNmM0MTqAAn1xAVUEY2FydHECXXED\ncy4=\n', '2012-03-14 17:17:45'),
('3feb496105ed33dbf02c49ee03ceff80', 'Nzg1NGZhZjI2YzFlMjU2YjUyNjM2YWE1YTM5MTA4NzBkMDEzNmM0MTqAAn1xAVUEY2FydHECXXED\ncy4=\n', '2012-03-08 22:31:57'),
('403e5b4db0fee6f49063e8835c79c62e', 'Nzg1NGZhZjI2YzFlMjU2YjUyNjM2YWE1YTM5MTA4NzBkMDEzNmM0MTqAAn1xAVUEY2FydHECXXED\ncy4=\n', '2012-03-25 12:56:43'),
('4049333268280d1bcc682e6d265742a3', 'Nzg1NGZhZjI2YzFlMjU2YjUyNjM2YWE1YTM5MTA4NzBkMDEzNmM0MTqAAn1xAVUEY2FydHECXXED\ncy4=\n', '2012-03-09 18:14:58'),
('40d1253cc8f2295319112edb7d953bc9', 'Nzg1NGZhZjI2YzFlMjU2YjUyNjM2YWE1YTM5MTA4NzBkMDEzNmM0MTqAAn1xAVUEY2FydHECXXED\ncy4=\n', '2012-03-20 00:47:13'),
('412bc7b857d9d1539fc2695786b804ff', 'Nzg1NGZhZjI2YzFlMjU2YjUyNjM2YWE1YTM5MTA4NzBkMDEzNmM0MTqAAn1xAVUEY2FydHECXXED\ncy4=\n', '2012-03-24 16:49:33'),
('419748fd85de6e240be5da522274dafa', 'Nzg1NGZhZjI2YzFlMjU2YjUyNjM2YWE1YTM5MTA4NzBkMDEzNmM0MTqAAn1xAVUEY2FydHECXXED\ncy4=\n', '2012-03-19 01:24:49'),
('4234fb1464aa797f610fdfd733cdea04', 'Nzg1NGZhZjI2YzFlMjU2YjUyNjM2YWE1YTM5MTA4NzBkMDEzNmM0MTqAAn1xAVUEY2FydHECXXED\ncy4=\n', '2012-03-12 08:18:25'),
('42889bca0826a307fca3e72e0cc21fa8', 'Nzg1NGZhZjI2YzFlMjU2YjUyNjM2YWE1YTM5MTA4NzBkMDEzNmM0MTqAAn1xAVUEY2FydHECXXED\ncy4=\n', '2012-03-25 17:48:13'),
('42deb08d27330b1dcdbfb4a46eabde35', 'Nzg1NGZhZjI2YzFlMjU2YjUyNjM2YWE1YTM5MTA4NzBkMDEzNmM0MTqAAn1xAVUEY2FydHECXXED\ncy4=\n', '2012-03-19 01:24:42'),
('43794e334b27d0e457007bfaecce8e07', 'OGM1NjExOWU0NjQxOWVlZmU3NmYwMzMyNDVkMTc2NjM0MmZkNjQzMDqAAn1xAShVEl9hdXRoX3Vz\nZXJfYmFja2VuZHECVSlkamFuZ28uY29udHJpYi5hdXRoLmJhY2tlbmRzLk1vZGVsQmFja2VuZHED\nVQ1fYXV0aF91c2VyX2lkcQSKAQJ1Lg==\n', '2012-01-17 13:31:55'),
('43aa49a6e7d3d26b3181855e45ebd2de', 'Nzg1NGZhZjI2YzFlMjU2YjUyNjM2YWE1YTM5MTA4NzBkMDEzNmM0MTqAAn1xAVUEY2FydHECXXED\ncy4=\n', '2012-03-24 03:07:02'),
('43dc320252fa3b84f2a8e9090aa36140', 'Nzg1NGZhZjI2YzFlMjU2YjUyNjM2YWE1YTM5MTA4NzBkMDEzNmM0MTqAAn1xAVUEY2FydHECXXED\ncy4=\n', '2012-03-20 00:47:13'),
('441c3def0ebef91fd8642dfac99ca8c8', 'Nzg1NGZhZjI2YzFlMjU2YjUyNjM2YWE1YTM5MTA4NzBkMDEzNmM0MTqAAn1xAVUEY2FydHECXXED\ncy4=\n', '2012-03-25 17:48:31'),
('4437050b42d2983815ac08b61c397c9f', 'Nzg1NGZhZjI2YzFlMjU2YjUyNjM2YWE1YTM5MTA4NzBkMDEzNmM0MTqAAn1xAVUEY2FydHECXXED\ncy4=\n', '2012-03-09 18:14:56'),
('4498c1730f3e866eabfc192237d88f37', 'Nzg1NGZhZjI2YzFlMjU2YjUyNjM2YWE1YTM5MTA4NzBkMDEzNmM0MTqAAn1xAVUEY2FydHECXXED\ncy4=\n', '2012-03-08 16:19:29'),
('44b71de5b9ee5b1336e7cce020cda9a9', 'Nzg1NGZhZjI2YzFlMjU2YjUyNjM2YWE1YTM5MTA4NzBkMDEzNmM0MTqAAn1xAVUEY2FydHECXXED\ncy4=\n', '2012-03-13 17:40:53'),
('44d24d9a1b261e603c2f4dbfb86af270', 'Nzg1NGZhZjI2YzFlMjU2YjUyNjM2YWE1YTM5MTA4NzBkMDEzNmM0MTqAAn1xAVUEY2FydHECXXED\ncy4=\n', '2012-03-24 15:24:01'),
('44ecbd7556c366fbb2f3a65f2a2ac47e', 'Nzg1NGZhZjI2YzFlMjU2YjUyNjM2YWE1YTM5MTA4NzBkMDEzNmM0MTqAAn1xAVUEY2FydHECXXED\ncy4=\n', '2012-03-10 13:36:01'),
('4505272114a2040c6764eb9c7591ebdf', 'Nzg1NGZhZjI2YzFlMjU2YjUyNjM2YWE1YTM5MTA4NzBkMDEzNmM0MTqAAn1xAVUEY2FydHECXXED\ncy4=\n', '2012-03-13 01:42:07'),
('4534c2179e98c3493c9a7bec9cd44c22', 'Nzg1NGZhZjI2YzFlMjU2YjUyNjM2YWE1YTM5MTA4NzBkMDEzNmM0MTqAAn1xAVUEY2FydHECXXED\ncy4=\n', '2012-03-10 13:35:13'),
('45800c8ba5ad4207c19db958fdef64b4', 'Nzg1NGZhZjI2YzFlMjU2YjUyNjM2YWE1YTM5MTA4NzBkMDEzNmM0MTqAAn1xAVUEY2FydHECXXED\ncy4=\n', '2012-03-14 17:18:23'),
('45f94d9e99975fa225699b9e3e3ef94f', 'Nzg1NGZhZjI2YzFlMjU2YjUyNjM2YWE1YTM5MTA4NzBkMDEzNmM0MTqAAn1xAVUEY2FydHECXXED\ncy4=\n', '2012-03-26 01:05:47'),
('46881e8b414a5b2f7707c93cc4740edf', 'Nzg1NGZhZjI2YzFlMjU2YjUyNjM2YWE1YTM5MTA4NzBkMDEzNmM0MTqAAn1xAVUEY2FydHECXXED\ncy4=\n', '2012-03-24 16:23:07'),
('46ae3ad19cdb7ac7cba5aed59b09e1ea', 'Nzg1NGZhZjI2YzFlMjU2YjUyNjM2YWE1YTM5MTA4NzBkMDEzNmM0MTqAAn1xAVUEY2FydHECXXED\ncy4=\n', '2012-03-08 16:19:54'),
('475606021dd379d8ee0225e66582332b', 'Nzg1NGZhZjI2YzFlMjU2YjUyNjM2YWE1YTM5MTA4NzBkMDEzNmM0MTqAAn1xAVUEY2FydHECXXED\ncy4=\n', '2012-03-20 13:48:58'),
('483e4b3c28f445d6fe304c95e6e23831', 'Nzg1NGZhZjI2YzFlMjU2YjUyNjM2YWE1YTM5MTA4NzBkMDEzNmM0MTqAAn1xAVUEY2FydHECXXED\ncy4=\n', '2012-03-08 16:19:51'),
('4878413cad0de8c55d6c00ab77eddfa1', 'Nzg1NGZhZjI2YzFlMjU2YjUyNjM2YWE1YTM5MTA4NzBkMDEzNmM0MTqAAn1xAVUEY2FydHECXXED\ncy4=\n', '2012-03-24 17:03:16'),
('488a083d014e82b612e7fee6c14e3a60', 'Nzg1NGZhZjI2YzFlMjU2YjUyNjM2YWE1YTM5MTA4NzBkMDEzNmM0MTqAAn1xAVUEY2FydHECXXED\ncy4=\n', '2012-03-21 15:02:39'),
('48dd8fbe82fc49a0157cc03597dd6959', 'Nzg1NGZhZjI2YzFlMjU2YjUyNjM2YWE1YTM5MTA4NzBkMDEzNmM0MTqAAn1xAVUEY2FydHECXXED\ncy4=\n', '2012-03-24 23:49:02'),
('49074e66ba717def00ecf3934f7c1892', 'Nzg1NGZhZjI2YzFlMjU2YjUyNjM2YWE1YTM5MTA4NzBkMDEzNmM0MTqAAn1xAVUEY2FydHECXXED\ncy4=\n', '2012-03-21 18:53:57'),
('494ed04ab58afd1e1b4ed165ceba3d62', 'Nzg1NGZhZjI2YzFlMjU2YjUyNjM2YWE1YTM5MTA4NzBkMDEzNmM0MTqAAn1xAVUEY2FydHECXXED\ncy4=\n', '2012-03-19 01:23:52'),
('496e7a9a616b676875e3e58b91c59d93', 'Nzg1NGZhZjI2YzFlMjU2YjUyNjM2YWE1YTM5MTA4NzBkMDEzNmM0MTqAAn1xAVUEY2FydHECXXED\ncy4=\n', '2012-03-09 18:15:00'),
('4a999fee8843f07a43acab672f9f8450', 'Nzg1NGZhZjI2YzFlMjU2YjUyNjM2YWE1YTM5MTA4NzBkMDEzNmM0MTqAAn1xAVUEY2FydHECXXED\ncy4=\n', '2012-03-21 10:12:20'),
('4aa8634358be4c94cebf66c6037128fe', 'Nzg1NGZhZjI2YzFlMjU2YjUyNjM2YWE1YTM5MTA4NzBkMDEzNmM0MTqAAn1xAVUEY2FydHECXXED\ncy4=\n', '2012-03-19 01:23:39'),
('4b15a785993603245c7d37ebf08b38ab', 'Nzg1NGZhZjI2YzFlMjU2YjUyNjM2YWE1YTM5MTA4NzBkMDEzNmM0MTqAAn1xAVUEY2FydHECXXED\ncy4=\n', '2012-03-21 15:37:11'),
('4b3233ac2aa6ac1010d02fe3ae4de312', 'Nzg1NGZhZjI2YzFlMjU2YjUyNjM2YWE1YTM5MTA4NzBkMDEzNmM0MTqAAn1xAVUEY2FydHECXXED\ncy4=\n', '2012-03-25 14:43:02'),
('4b3f7ca6d300cc328ae5239eb3dfc515', 'Nzg1NGZhZjI2YzFlMjU2YjUyNjM2YWE1YTM5MTA4NzBkMDEzNmM0MTqAAn1xAVUEY2FydHECXXED\ncy4=\n', '2012-03-23 21:07:18'),
('4b466386ea79a70037b0da27f5fd780f', 'Nzg1NGZhZjI2YzFlMjU2YjUyNjM2YWE1YTM5MTA4NzBkMDEzNmM0MTqAAn1xAVUEY2FydHECXXED\ncy4=\n', '2012-03-10 13:36:03'),
('4b9ba01fcc0132a2452ffc7412de23ad', 'Nzg1NGZhZjI2YzFlMjU2YjUyNjM2YWE1YTM5MTA4NzBkMDEzNmM0MTqAAn1xAVUEY2FydHECXXED\ncy4=\n', '2012-03-21 11:23:04'),
('4bcc524082a038e1df3da4771661f14f', 'OGM3N2FhMWMxMWIzNDUxY2E3ODczNTkzYWUyNWM2M2I1Y2YzNzViZjqAAn1xAShVCnRlc3Rjb29r\naWVxAlUGd29ya2VkcQNVBGNhcnRxBF1xBXUu\n', '2012-03-19 01:23:33'),
('4be6be1d7c6fc422b485638b78d5ec90', 'OGM3N2FhMWMxMWIzNDUxY2E3ODczNTkzYWUyNWM2M2I1Y2YzNzViZjqAAn1xAShVCnRlc3Rjb29r\naWVxAlUGd29ya2VkcQNVBGNhcnRxBF1xBXUu\n', '2012-03-19 01:23:31'),
('4c34bab036e347e46fcf72c4be28f22b', 'Nzg1NGZhZjI2YzFlMjU2YjUyNjM2YWE1YTM5MTA4NzBkMDEzNmM0MTqAAn1xAVUEY2FydHECXXED\ncy4=\n', '2012-03-09 18:14:46'),
('4c514fd981c612b1a427cdb3f573a86f', 'Nzg1NGZhZjI2YzFlMjU2YjUyNjM2YWE1YTM5MTA4NzBkMDEzNmM0MTqAAn1xAVUEY2FydHECXXED\ncy4=\n', '2012-03-19 01:24:27'),
('4cac0f152767ff8f68b84a12b346c1bb', 'Nzg1NGZhZjI2YzFlMjU2YjUyNjM2YWE1YTM5MTA4NzBkMDEzNmM0MTqAAn1xAVUEY2FydHECXXED\ncy4=\n', '2012-03-09 18:46:21'),
('4ce4565f3095367b03132ee0503af0f1', 'Nzg1NGZhZjI2YzFlMjU2YjUyNjM2YWE1YTM5MTA4NzBkMDEzNmM0MTqAAn1xAVUEY2FydHECXXED\ncy4=\n', '2012-03-25 03:03:05'),
('4d7566e86df8513565c1e10556618e0f', 'Nzg1NGZhZjI2YzFlMjU2YjUyNjM2YWE1YTM5MTA4NzBkMDEzNmM0MTqAAn1xAVUEY2FydHECXXED\ncy4=\n', '2012-03-13 01:42:05'),
('4d82e893756d1bc02ee781114ac358a3', 'Nzg1NGZhZjI2YzFlMjU2YjUyNjM2YWE1YTM5MTA4NzBkMDEzNmM0MTqAAn1xAVUEY2FydHECXXED\ncy4=\n', '2012-03-12 21:40:40'),
('4da6426fd725209e2b53a4762bf4e965', 'Nzg1NGZhZjI2YzFlMjU2YjUyNjM2YWE1YTM5MTA4NzBkMDEzNmM0MTqAAn1xAVUEY2FydHECXXED\ncy4=\n', '2012-03-12 08:18:24'),
('4dc2e76fb932f71b6a215c9b50aa9cc0', 'Nzg1NGZhZjI2YzFlMjU2YjUyNjM2YWE1YTM5MTA4NzBkMDEzNmM0MTqAAn1xAVUEY2FydHECXXED\ncy4=\n', '2012-03-25 17:48:19'),
('4e46185897d621aaa883c8f79dbb64ec', 'Nzg1NGZhZjI2YzFlMjU2YjUyNjM2YWE1YTM5MTA4NzBkMDEzNmM0MTqAAn1xAVUEY2FydHECXXED\ncy4=\n', '2012-03-08 16:19:53'),
('4e4add8c6e51728e91d3aebf203f1343', 'Nzg1NGZhZjI2YzFlMjU2YjUyNjM2YWE1YTM5MTA4NzBkMDEzNmM0MTqAAn1xAVUEY2FydHECXXED\ncy4=\n', '2012-03-24 17:17:48'),
('4e5019ae5a3b4cf78f6b7dba45b306ee', 'Nzg1NGZhZjI2YzFlMjU2YjUyNjM2YWE1YTM5MTA4NzBkMDEzNmM0MTqAAn1xAVUEY2FydHECXXED\ncy4=\n', '2012-03-20 02:58:19'),
('4efbb6377c1c71ca80e98202790c1f56', 'Nzg1NGZhZjI2YzFlMjU2YjUyNjM2YWE1YTM5MTA4NzBkMDEzNmM0MTqAAn1xAVUEY2FydHECXXED\ncy4=\n', '2012-03-09 18:14:53'),
('4f9cb437925813418acb9d3efac0e64a', 'Nzg1NGZhZjI2YzFlMjU2YjUyNjM2YWE1YTM5MTA4NzBkMDEzNmM0MTqAAn1xAVUEY2FydHECXXED\ncy4=\n', '2012-03-12 08:18:23'),
('5053045fb9619683a45b3ce2e9fe19b3', 'Nzg1NGZhZjI2YzFlMjU2YjUyNjM2YWE1YTM5MTA4NzBkMDEzNmM0MTqAAn1xAVUEY2FydHECXXED\ncy4=\n', '2012-03-11 22:45:49'),
('5053e9aa293ce7c1cd03060ddbb25bef', 'Nzg1NGZhZjI2YzFlMjU2YjUyNjM2YWE1YTM5MTA4NzBkMDEzNmM0MTqAAn1xAVUEY2FydHECXXED\ncy4=\n', '2012-03-21 18:54:02'),
('506dec65159a4d59c769ccd1a44eaea7', 'Nzg1NGZhZjI2YzFlMjU2YjUyNjM2YWE1YTM5MTA4NzBkMDEzNmM0MTqAAn1xAVUEY2FydHECXXED\ncy4=\n', '2012-03-25 12:31:23'),
('50c6a4dbf0d1a0be6242fb69133c459f', 'Nzg1NGZhZjI2YzFlMjU2YjUyNjM2YWE1YTM5MTA4NzBkMDEzNmM0MTqAAn1xAVUEY2FydHECXXED\ncy4=\n', '2012-03-21 15:37:10'),
('50ebb253594e3e8adc69666633ce239d', 'Nzg1NGZhZjI2YzFlMjU2YjUyNjM2YWE1YTM5MTA4NzBkMDEzNmM0MTqAAn1xAVUEY2FydHECXXED\ncy4=\n', '2012-03-18 17:05:52'),
('5101e2145dbd92c95e9ae6e86b90b74b', 'Nzg1NGZhZjI2YzFlMjU2YjUyNjM2YWE1YTM5MTA4NzBkMDEzNmM0MTqAAn1xAVUEY2FydHECXXED\ncy4=\n', '2012-03-14 17:18:08'),
('52198688616ea22b8ad829bef1c9739f', 'Nzg1NGZhZjI2YzFlMjU2YjUyNjM2YWE1YTM5MTA4NzBkMDEzNmM0MTqAAn1xAVUEY2FydHECXXED\ncy4=\n', '2012-03-25 19:49:10'),
('527f3cbd883f4527f8fb8074a309d0b9', 'Nzg1NGZhZjI2YzFlMjU2YjUyNjM2YWE1YTM5MTA4NzBkMDEzNmM0MTqAAn1xAVUEY2FydHECXXED\ncy4=\n', '2012-03-10 13:35:43'),
('52c9f37d45422ef0d867860c337e4e14', 'Nzg1NGZhZjI2YzFlMjU2YjUyNjM2YWE1YTM5MTA4NzBkMDEzNmM0MTqAAn1xAVUEY2FydHECXXED\ncy4=\n', '2012-03-25 17:48:14'),
('532a146e28a35ca8791bd14aa3a43841', 'Nzg1NGZhZjI2YzFlMjU2YjUyNjM2YWE1YTM5MTA4NzBkMDEzNmM0MTqAAn1xAVUEY2FydHECXXED\ncy4=\n', '2012-03-09 18:14:38'),
('5378e5f45b9a8a40885244fe4e9908f0', 'Nzg1NGZhZjI2YzFlMjU2YjUyNjM2YWE1YTM5MTA4NzBkMDEzNmM0MTqAAn1xAVUEY2FydHECXXED\ncy4=\n', '2012-03-25 18:03:21'),
('537a116be1be74658efe20e17fd9af96', 'Nzg1NGZhZjI2YzFlMjU2YjUyNjM2YWE1YTM5MTA4NzBkMDEzNmM0MTqAAn1xAVUEY2FydHECXXED\ncy4=\n', '2012-03-13 01:42:08'),
('5444cdabeaa33f921b70afa048de6ec3', 'Nzg1NGZhZjI2YzFlMjU2YjUyNjM2YWE1YTM5MTA4NzBkMDEzNmM0MTqAAn1xAVUEY2FydHECXXED\ncy4=\n', '2012-03-16 13:48:35'),
('546395dabb3b32d9e0d0e182df53eacb', 'Nzg1NGZhZjI2YzFlMjU2YjUyNjM2YWE1YTM5MTA4NzBkMDEzNmM0MTqAAn1xAVUEY2FydHECXXED\ncy4=\n', '2012-03-25 19:13:41'),
('54b6dd71b1568265277402628a7b4078', 'Nzg1NGZhZjI2YzFlMjU2YjUyNjM2YWE1YTM5MTA4NzBkMDEzNmM0MTqAAn1xAVUEY2FydHECXXED\ncy4=\n', '2012-03-19 08:23:36'),
('54c1ee56c5d983dfc20fa64e86ecb2f8', 'Nzg1NGZhZjI2YzFlMjU2YjUyNjM2YWE1YTM5MTA4NzBkMDEzNmM0MTqAAn1xAVUEY2FydHECXXED\ncy4=\n', '2012-03-20 10:21:24'),
('54d755f4a1940d0ffad83dd8785aebaa', 'Nzg1NGZhZjI2YzFlMjU2YjUyNjM2YWE1YTM5MTA4NzBkMDEzNmM0MTqAAn1xAVUEY2FydHECXXED\ncy4=\n', '2012-03-12 08:18:20'),
('561151184f52f8633e18eb945912b3c1', 'Nzg1NGZhZjI2YzFlMjU2YjUyNjM2YWE1YTM5MTA4NzBkMDEzNmM0MTqAAn1xAVUEY2FydHECXXED\ncy4=\n', '2012-03-10 13:35:29'),
('5648d78e25523bb9c43b0abfe24d7155', 'Nzg1NGZhZjI2YzFlMjU2YjUyNjM2YWE1YTM5MTA4NzBkMDEzNmM0MTqAAn1xAVUEY2FydHECXXED\ncy4=\n', '2012-03-20 10:21:29'),
('56aab0af60f40db9a6173df4a7d8127f', 'Nzg1NGZhZjI2YzFlMjU2YjUyNjM2YWE1YTM5MTA4NzBkMDEzNmM0MTqAAn1xAVUEY2FydHECXXED\ncy4=\n', '2012-03-20 13:28:38'),
('56ebe99d4ecc0a04c1264ba04ca01336', 'Nzg1NGZhZjI2YzFlMjU2YjUyNjM2YWE1YTM5MTA4NzBkMDEzNmM0MTqAAn1xAVUEY2FydHECXXED\ncy4=\n', '2012-03-12 22:29:25'),
('570747d2cf8f88e8562c8c29f3dd6529', 'Nzg1NGZhZjI2YzFlMjU2YjUyNjM2YWE1YTM5MTA4NzBkMDEzNmM0MTqAAn1xAVUEY2FydHECXXED\ncy4=\n', '2012-03-09 18:46:14'),
('57126a34c6524cc8f34df2e7a3017926', 'Nzg1NGZhZjI2YzFlMjU2YjUyNjM2YWE1YTM5MTA4NzBkMDEzNmM0MTqAAn1xAVUEY2FydHECXXED\ncy4=\n', '2012-03-24 10:07:42'),
('57d0d3c447d0089824670619488b3c7a', 'Nzg1NGZhZjI2YzFlMjU2YjUyNjM2YWE1YTM5MTA4NzBkMDEzNmM0MTqAAn1xAVUEY2FydHECXXED\ncy4=\n', '2012-03-13 11:07:46'),
('57db72c01bf0d49c5a51b715c7d695d7', 'Nzg1NGZhZjI2YzFlMjU2YjUyNjM2YWE1YTM5MTA4NzBkMDEzNmM0MTqAAn1xAVUEY2FydHECXXED\ncy4=\n', '2012-03-21 13:59:03'),
('57dca72623aabdbe97be626d8ae04d3f', 'Nzg1NGZhZjI2YzFlMjU2YjUyNjM2YWE1YTM5MTA4NzBkMDEzNmM0MTqAAn1xAVUEY2FydHECXXED\ncy4=\n', '2012-03-10 10:57:15'),
('57e415043ead2fce7039493eaea9cb2a', 'Nzg1NGZhZjI2YzFlMjU2YjUyNjM2YWE1YTM5MTA4NzBkMDEzNmM0MTqAAn1xAVUEY2FydHECXXED\ncy4=\n', '2012-03-19 19:03:29'),
('5804f23264a71c74ec5dbe25a827f71b', 'Nzg1NGZhZjI2YzFlMjU2YjUyNjM2YWE1YTM5MTA4NzBkMDEzNmM0MTqAAn1xAVUEY2FydHECXXED\ncy4=\n', '2012-03-13 11:07:58'),
('5843134abf1d11e056687f7cf3581e78', 'Nzg1NGZhZjI2YzFlMjU2YjUyNjM2YWE1YTM5MTA4NzBkMDEzNmM0MTqAAn1xAVUEY2FydHECXXED\ncy4=\n', '2012-03-09 18:14:51'),
('58626aa9c4874f033e303a10193ef568', 'Nzg1NGZhZjI2YzFlMjU2YjUyNjM2YWE1YTM5MTA4NzBkMDEzNmM0MTqAAn1xAVUEY2FydHECXXED\ncy4=\n', '2012-03-19 19:03:31'),
('5863793c76fc020da2356b718a5d8d8b', 'YjQwYjUzMzc4MWE0OGU2ZmY3YTM2YTVhNTRmNWVlY2FjNjdmY2I5MTqAAn1xAShVBGNhcnRxAl1x\nA1UNX2F1dGhfdXNlcl9pZHEEigECVRJfYXV0aF91c2VyX2JhY2tlbmRxBVUpZGphbmdvLmNvbnRy\naWIuYXV0aC5iYWNrZW5kcy5Nb2RlbEJhY2tlbmRxBnUu\n', '2012-03-08 12:22:42'),
('586b5a6d8490a81ebb3e7d86b27e881d', 'Nzg1NGZhZjI2YzFlMjU2YjUyNjM2YWE1YTM5MTA4NzBkMDEzNmM0MTqAAn1xAVUEY2FydHECXXED\ncy4=\n', '2012-03-09 18:14:35'),
('58a3dfb0eaa16a780a9b26cd595c1f0f', 'Nzg1NGZhZjI2YzFlMjU2YjUyNjM2YWE1YTM5MTA4NzBkMDEzNmM0MTqAAn1xAVUEY2FydHECXXED\ncy4=\n', '2012-03-13 11:08:02'),
('58c4e462949bd81065bb26a906e8d5b5', 'Nzg1NGZhZjI2YzFlMjU2YjUyNjM2YWE1YTM5MTA4NzBkMDEzNmM0MTqAAn1xAVUEY2FydHECXXED\ncy4=\n', '2012-03-12 08:18:24');
INSERT INTO `django_session` (`session_key`, `session_data`, `expire_date`) VALUES
('59b66b1856e923b0fa3857641b31cb0f', 'Nzg1NGZhZjI2YzFlMjU2YjUyNjM2YWE1YTM5MTA4NzBkMDEzNmM0MTqAAn1xAVUEY2FydHECXXED\ncy4=\n', '2012-03-20 10:21:39'),
('5a01b114813664a79e78dbe60abae10d', 'Nzg1NGZhZjI2YzFlMjU2YjUyNjM2YWE1YTM5MTA4NzBkMDEzNmM0MTqAAn1xAVUEY2FydHECXXED\ncy4=\n', '2012-03-19 14:04:48'),
('5a44398dda47abe879294fe1abd862bc', 'NjIwMGVjOTgwMmQxMmNiYTNiNTk3ZjJjYzhmNzE2YmVlN2MwZTQ5YTqAAn1xAShVEl9hdXRoX3Vz\nZXJfYmFja2VuZHECVSlkamFuZ28uY29udHJpYi5hdXRoLmJhY2tlbmRzLk1vZGVsQmFja2VuZHED\nVQ1fYXV0aF91c2VyX2lkcQSKAQF1Lg==\n', '2012-02-07 22:39:15'),
('5a83993e1b614d3eb07c4dc603c61512', 'Nzg1NGZhZjI2YzFlMjU2YjUyNjM2YWE1YTM5MTA4NzBkMDEzNmM0MTqAAn1xAVUEY2FydHECXXED\ncy4=\n', '2012-03-21 18:53:53'),
('5aaa58f90afc31a8f01e509a39767852', 'Nzg1NGZhZjI2YzFlMjU2YjUyNjM2YWE1YTM5MTA4NzBkMDEzNmM0MTqAAn1xAVUEY2FydHECXXED\ncy4=\n', '2012-03-25 13:27:03'),
('5ab7f2a871b7cd46a376789e97f8ab09', 'Nzg1NGZhZjI2YzFlMjU2YjUyNjM2YWE1YTM5MTA4NzBkMDEzNmM0MTqAAn1xAVUEY2FydHECXXED\ncy4=\n', '2012-03-13 01:42:08'),
('5ac0750c79f035a98f5d3cdd33c692c8', 'Nzg1NGZhZjI2YzFlMjU2YjUyNjM2YWE1YTM5MTA4NzBkMDEzNmM0MTqAAn1xAVUEY2FydHECXXED\ncy4=\n', '2012-03-20 20:32:16'),
('5ae135dc0a5c8ef34d8c6a53ed27c818', 'Nzg1NGZhZjI2YzFlMjU2YjUyNjM2YWE1YTM5MTA4NzBkMDEzNmM0MTqAAn1xAVUEY2FydHECXXED\ncy4=\n', '2012-03-19 01:24:41'),
('5af9c72691af5be43270f7d30f0878a9', 'Nzg1NGZhZjI2YzFlMjU2YjUyNjM2YWE1YTM5MTA4NzBkMDEzNmM0MTqAAn1xAVUEY2FydHECXXED\ncy4=\n', '2012-03-24 20:30:00'),
('5b8ab84b6e1c805382ad82b195a9b1eb', 'Nzg1NGZhZjI2YzFlMjU2YjUyNjM2YWE1YTM5MTA4NzBkMDEzNmM0MTqAAn1xAVUEY2FydHECXXED\ncy4=\n', '2012-03-09 18:46:19'),
('5bb19b098db42df171a8e73052457d20', 'Nzg1NGZhZjI2YzFlMjU2YjUyNjM2YWE1YTM5MTA4NzBkMDEzNmM0MTqAAn1xAVUEY2FydHECXXED\ncy4=\n', '2012-03-25 17:48:21'),
('5c1f81502531f98253e59f6020bbbe8b', 'Nzg1NGZhZjI2YzFlMjU2YjUyNjM2YWE1YTM5MTA4NzBkMDEzNmM0MTqAAn1xAVUEY2FydHECXXED\ncy4=\n', '2012-03-19 19:03:28'),
('5cbe851bb94cd80755f4a4c435169fdb', 'Nzg1NGZhZjI2YzFlMjU2YjUyNjM2YWE1YTM5MTA4NzBkMDEzNmM0MTqAAn1xAVUEY2FydHECXXED\ncy4=\n', '2012-03-19 01:24:37'),
('5d2af17f04f2140d7cb29dac376b2a4a', 'Nzg1NGZhZjI2YzFlMjU2YjUyNjM2YWE1YTM5MTA4NzBkMDEzNmM0MTqAAn1xAVUEY2FydHECXXED\ncy4=\n', '2012-03-12 08:18:24'),
('5d2d7ec63b3cb8cac4edcdbc88c7aecf', 'Nzg1NGZhZjI2YzFlMjU2YjUyNjM2YWE1YTM5MTA4NzBkMDEzNmM0MTqAAn1xAVUEY2FydHECXXED\ncy4=\n', '2012-03-21 18:54:01'),
('5d4bcde9cb496a5df1d1dcd3f0f7d654', 'Nzg1NGZhZjI2YzFlMjU2YjUyNjM2YWE1YTM5MTA4NzBkMDEzNmM0MTqAAn1xAVUEY2FydHECXXED\ncy4=\n', '2012-03-09 18:14:39'),
('5d6310f5aaca6110928026dcb5d1f8fa', 'Nzg1NGZhZjI2YzFlMjU2YjUyNjM2YWE1YTM5MTA4NzBkMDEzNmM0MTqAAn1xAVUEY2FydHECXXED\ncy4=\n', '2012-03-13 01:42:01'),
('5dd340bbbc21a9771f69a2768868d63c', 'Nzg1NGZhZjI2YzFlMjU2YjUyNjM2YWE1YTM5MTA4NzBkMDEzNmM0MTqAAn1xAVUEY2FydHECXXED\ncy4=\n', '2012-03-19 08:23:49'),
('5dff2abd351ef5d7ead252af4865d2f9', 'Nzg1NGZhZjI2YzFlMjU2YjUyNjM2YWE1YTM5MTA4NzBkMDEzNmM0MTqAAn1xAVUEY2FydHECXXED\ncy4=\n', '2012-03-09 18:14:52'),
('5e3f69b5250f6979bf63b0d4e47f8ceb', 'Nzg1NGZhZjI2YzFlMjU2YjUyNjM2YWE1YTM5MTA4NzBkMDEzNmM0MTqAAn1xAVUEY2FydHECXXED\ncy4=\n', '2012-03-19 19:03:32'),
('5e425c486913bfd9689e7107448f9c84', 'Nzg1NGZhZjI2YzFlMjU2YjUyNjM2YWE1YTM5MTA4NzBkMDEzNmM0MTqAAn1xAVUEY2FydHECXXED\ncy4=\n', '2012-03-13 11:07:54'),
('5fe2a1ae49cfb93f6a9c5af65e6c1ec8', 'Nzg1NGZhZjI2YzFlMjU2YjUyNjM2YWE1YTM5MTA4NzBkMDEzNmM0MTqAAn1xAVUEY2FydHECXXED\ncy4=\n', '2012-03-24 15:46:30'),
('6013606fa0a26929603cf5bacc096dcc', 'Nzg1NGZhZjI2YzFlMjU2YjUyNjM2YWE1YTM5MTA4NzBkMDEzNmM0MTqAAn1xAVUEY2FydHECXXED\ncy4=\n', '2012-03-10 13:35:45'),
('605cc27f3a882e685c2b1a7a78e7d9a9', 'Nzg1NGZhZjI2YzFlMjU2YjUyNjM2YWE1YTM5MTA4NzBkMDEzNmM0MTqAAn1xAVUEY2FydHECXXED\ncy4=\n', '2012-03-25 12:29:33'),
('6062e343f6ffa827298f1dc9761521cf', 'M2U2MmI0ZDg3Y2JlN2M3ZmNmMGZhNzA0MjlhYWY0NjY5MzA2ZjllZDqAAn1xAShVDV9hdXRoX3Vz\nZXJfaWRxAooBAVUSX2F1dGhfdXNlcl9iYWNrZW5kcQNVKWRqYW5nby5jb250cmliLmF1dGguYmFj\na2VuZHMuTW9kZWxCYWNrZW5kcQRVBGNhcnRxBV1xBn1xByhVAmlkcQhLAlUEYXV0aHEJiFUBdEsC\ndWF1Lg==\n', '2012-03-23 11:55:32'),
('60a3b81b6809cdd0fc5c78fcf2b1dd5c', 'Nzg1NGZhZjI2YzFlMjU2YjUyNjM2YWE1YTM5MTA4NzBkMDEzNmM0MTqAAn1xAVUEY2FydHECXXED\ncy4=\n', '2012-03-12 21:40:36'),
('60a6819a54b3eaf796f4ce3e7b732d09', 'Nzg1NGZhZjI2YzFlMjU2YjUyNjM2YWE1YTM5MTA4NzBkMDEzNmM0MTqAAn1xAVUEY2FydHECXXED\ncy4=\n', '2012-03-24 14:52:02'),
('6111976eb1a7f93e66ccfa74a9725dc6', 'Nzg1NGZhZjI2YzFlMjU2YjUyNjM2YWE1YTM5MTA4NzBkMDEzNmM0MTqAAn1xAVUEY2FydHECXXED\ncy4=\n', '2012-03-26 11:15:21'),
('611712fb5599278899abf6b536c850f9', 'Nzg1NGZhZjI2YzFlMjU2YjUyNjM2YWE1YTM5MTA4NzBkMDEzNmM0MTqAAn1xAVUEY2FydHECXXED\ncy4=\n', '2012-03-24 15:24:01'),
('6166a3c4a4ce4ae1012562f0b9b76d9f', 'Nzg1NGZhZjI2YzFlMjU2YjUyNjM2YWE1YTM5MTA4NzBkMDEzNmM0MTqAAn1xAVUEY2FydHECXXED\ncy4=\n', '2012-03-20 02:58:19'),
('617fc09609323530439e0adb40a20f9c', 'Nzg1NGZhZjI2YzFlMjU2YjUyNjM2YWE1YTM5MTA4NzBkMDEzNmM0MTqAAn1xAVUEY2FydHECXXED\ncy4=\n', '2012-03-25 17:48:18'),
('61f6831e9c2aef3f6c40ed570da2d6d6', 'Nzg1NGZhZjI2YzFlMjU2YjUyNjM2YWE1YTM5MTA4NzBkMDEzNmM0MTqAAn1xAVUEY2FydHECXXED\ncy4=\n', '2012-03-08 16:19:28'),
('627c92a18a322eda425f179e9c85c74e', 'Nzg1NGZhZjI2YzFlMjU2YjUyNjM2YWE1YTM5MTA4NzBkMDEzNmM0MTqAAn1xAVUEY2FydHECXXED\ncy4=\n', '2012-03-19 01:23:43'),
('6330670b763ec93f8aea9f3884635de6', 'Nzg1NGZhZjI2YzFlMjU2YjUyNjM2YWE1YTM5MTA4NzBkMDEzNmM0MTqAAn1xAVUEY2FydHECXXED\ncy4=\n', '2012-03-21 09:02:46'),
('63337a1d5991e6b1da2fd6b565ba4c3b', 'Nzg1NGZhZjI2YzFlMjU2YjUyNjM2YWE1YTM5MTA4NzBkMDEzNmM0MTqAAn1xAVUEY2FydHECXXED\ncy4=\n', '2012-03-19 01:23:46'),
('6382baa37120b5a15c867769453a4467', 'Nzg1NGZhZjI2YzFlMjU2YjUyNjM2YWE1YTM5MTA4NzBkMDEzNmM0MTqAAn1xAVUEY2FydHECXXED\ncy4=\n', '2012-03-08 16:19:52'),
('63af9dc54d852c2d67c5fd9e14511e42', 'Nzg1NGZhZjI2YzFlMjU2YjUyNjM2YWE1YTM5MTA4NzBkMDEzNmM0MTqAAn1xAVUEY2FydHECXXED\ncy4=\n', '2012-03-19 08:23:42'),
('63c81285845e444dece4c032d267a83b', 'Nzg1NGZhZjI2YzFlMjU2YjUyNjM2YWE1YTM5MTA4NzBkMDEzNmM0MTqAAn1xAVUEY2FydHECXXED\ncy4=\n', '2012-03-21 18:53:55'),
('6469c37c619e27333ec4e57f4f76a951', 'Nzg1NGZhZjI2YzFlMjU2YjUyNjM2YWE1YTM5MTA4NzBkMDEzNmM0MTqAAn1xAVUEY2FydHECXXED\ncy4=\n', '2012-03-10 13:36:02'),
('64bd2fda3590feff87778d46b5f98ada', 'Nzg1NGZhZjI2YzFlMjU2YjUyNjM2YWE1YTM5MTA4NzBkMDEzNmM0MTqAAn1xAVUEY2FydHECXXED\ncy4=\n', '2012-03-21 13:49:03'),
('65148c83ed166ab782512372b44cdb94', 'Nzg1NGZhZjI2YzFlMjU2YjUyNjM2YWE1YTM5MTA4NzBkMDEzNmM0MTqAAn1xAVUEY2FydHECXXED\ncy4=\n', '2012-03-19 01:23:48'),
('65da50565a6a5c2164949fd37f69295c', 'Nzg1NGZhZjI2YzFlMjU2YjUyNjM2YWE1YTM5MTA4NzBkMDEzNmM0MTqAAn1xAVUEY2FydHECXXED\ncy4=\n', '2012-03-17 16:56:25'),
('661456415f22053ebd34a7c339c8ffa0', 'Y2RmM2VmNzMwNmM0MWJhYWNiNDI4Nzk1MWU0Y2I4YzExMTBlMzhkZDqAAn1xAShVCnRlc3Rjb29r\naWVxAlUGd29ya2VkcQNVBW9yZGVycQSKAQdVBGNhcnRxBV1xBnUu\n', '2012-03-26 11:47:40'),
('6675b4378bcf37282edbd9d2c2f201af', 'Nzg1NGZhZjI2YzFlMjU2YjUyNjM2YWE1YTM5MTA4NzBkMDEzNmM0MTqAAn1xAVUEY2FydHECXXED\ncy4=\n', '2012-03-24 16:36:18'),
('67035243b29d1ab614da33516e46a796', 'Nzg1NGZhZjI2YzFlMjU2YjUyNjM2YWE1YTM5MTA4NzBkMDEzNmM0MTqAAn1xAVUEY2FydHECXXED\ncy4=\n', '2012-03-10 13:35:53'),
('67313d60f5641cfae3059e49fd9dfebc', 'Nzg1NGZhZjI2YzFlMjU2YjUyNjM2YWE1YTM5MTA4NzBkMDEzNmM0MTqAAn1xAVUEY2FydHECXXED\ncy4=\n', '2012-03-17 16:56:11'),
('67a431bf6f28c4ad59705891e718ffc3', 'Nzg1NGZhZjI2YzFlMjU2YjUyNjM2YWE1YTM5MTA4NzBkMDEzNmM0MTqAAn1xAVUEY2FydHECXXED\ncy4=\n', '2012-03-12 08:18:25'),
('67e70c5604b4d44ef25d1e253a80b6ac', 'Nzg1NGZhZjI2YzFlMjU2YjUyNjM2YWE1YTM5MTA4NzBkMDEzNmM0MTqAAn1xAVUEY2FydHECXXED\ncy4=\n', '2012-03-25 08:47:41'),
('68118f5055851da293edb4a8d2d398f5', 'Nzg1NGZhZjI2YzFlMjU2YjUyNjM2YWE1YTM5MTA4NzBkMDEzNmM0MTqAAn1xAVUEY2FydHECXXED\ncy4=\n', '2012-03-20 19:54:05'),
('682f7811efe322a4d24494a14957dda1', 'Nzg1NGZhZjI2YzFlMjU2YjUyNjM2YWE1YTM5MTA4NzBkMDEzNmM0MTqAAn1xAVUEY2FydHECXXED\ncy4=\n', '2012-03-22 08:29:10'),
('6990968ad311fc88849598aa6aea555f', 'Nzg1NGZhZjI2YzFlMjU2YjUyNjM2YWE1YTM5MTA4NzBkMDEzNmM0MTqAAn1xAVUEY2FydHECXXED\ncy4=\n', '2012-03-12 21:40:44'),
('699c644af29ae405dd90bfefb6b0897c', 'Nzg1NGZhZjI2YzFlMjU2YjUyNjM2YWE1YTM5MTA4NzBkMDEzNmM0MTqAAn1xAVUEY2FydHECXXED\ncy4=\n', '2012-03-13 01:42:08'),
('6a3eb059971ee3b052bee1432851e4bf', 'Nzg1NGZhZjI2YzFlMjU2YjUyNjM2YWE1YTM5MTA4NzBkMDEzNmM0MTqAAn1xAVUEY2FydHECXXED\ncy4=\n', '2012-03-08 16:19:23'),
('6a751d4fe439324d02cefe9117a2a42c', 'Nzg1NGZhZjI2YzFlMjU2YjUyNjM2YWE1YTM5MTA4NzBkMDEzNmM0MTqAAn1xAVUEY2FydHECXXED\ncy4=\n', '2012-03-08 16:19:26'),
('6a9b22c88cc85cdd0e501037d69f577f', 'Nzg1NGZhZjI2YzFlMjU2YjUyNjM2YWE1YTM5MTA4NzBkMDEzNmM0MTqAAn1xAVUEY2FydHECXXED\ncy4=\n', '2012-03-20 10:21:37'),
('6acbf23ebd626f711d8642eb00d18af0', 'Nzg1NGZhZjI2YzFlMjU2YjUyNjM2YWE1YTM5MTA4NzBkMDEzNmM0MTqAAn1xAVUEY2FydHECXXED\ncy4=\n', '2012-03-08 16:19:27'),
('6adc512229389ec46e11846f3a4768c3', 'Nzg1NGZhZjI2YzFlMjU2YjUyNjM2YWE1YTM5MTA4NzBkMDEzNmM0MTqAAn1xAVUEY2FydHECXXED\ncy4=\n', '2012-03-20 10:21:27'),
('6b240c7c6cdc5dbe16b2cd254e00acf3', 'Nzg1NGZhZjI2YzFlMjU2YjUyNjM2YWE1YTM5MTA4NzBkMDEzNmM0MTqAAn1xAVUEY2FydHECXXED\ncy4=\n', '2012-03-19 19:03:23'),
('6b3797a9fce2a81ac904a624d3eb2f48', 'Nzg1NGZhZjI2YzFlMjU2YjUyNjM2YWE1YTM5MTA4NzBkMDEzNmM0MTqAAn1xAVUEY2FydHECXXED\ncy4=\n', '2012-03-12 21:40:38'),
('6b465e6230a4e18212b817761e427823', 'Nzg1NGZhZjI2YzFlMjU2YjUyNjM2YWE1YTM5MTA4NzBkMDEzNmM0MTqAAn1xAVUEY2FydHECXXED\ncy4=\n', '2012-03-20 02:43:07'),
('6bb699ac72c8eb2f92c52018cf30f7d6', 'Nzg1NGZhZjI2YzFlMjU2YjUyNjM2YWE1YTM5MTA4NzBkMDEzNmM0MTqAAn1xAVUEY2FydHECXXED\ncy4=\n', '2012-03-19 08:23:40'),
('6bde8d7aefce34f1c2c64bc4f9cc4c0b', 'Nzg1NGZhZjI2YzFlMjU2YjUyNjM2YWE1YTM5MTA4NzBkMDEzNmM0MTqAAn1xAVUEY2FydHECXXED\ncy4=\n', '2012-03-08 16:20:01'),
('6c7e346de7267ae0cd33295a1bc10720', 'Nzg1NGZhZjI2YzFlMjU2YjUyNjM2YWE1YTM5MTA4NzBkMDEzNmM0MTqAAn1xAVUEY2FydHECXXED\ncy4=\n', '2012-03-16 15:35:10'),
('6c92e952e521a8dd81415f5079613688', 'Nzg1NGZhZjI2YzFlMjU2YjUyNjM2YWE1YTM5MTA4NzBkMDEzNmM0MTqAAn1xAVUEY2FydHECXXED\ncy4=\n', '2012-03-19 08:23:37'),
('6caf3609e159ba1ec80804d2baa53d6f', 'Nzg1NGZhZjI2YzFlMjU2YjUyNjM2YWE1YTM5MTA4NzBkMDEzNmM0MTqAAn1xAVUEY2FydHECXXED\ncy4=\n', '2012-03-12 21:40:43'),
('6cc645c718d70dbdf1e5631fc3542a00', 'Nzg1NGZhZjI2YzFlMjU2YjUyNjM2YWE1YTM5MTA4NzBkMDEzNmM0MTqAAn1xAVUEY2FydHECXXED\ncy4=\n', '2012-03-19 19:03:15'),
('6d2a843917e326ed0d49625f5ca166f7', 'Nzg1NGZhZjI2YzFlMjU2YjUyNjM2YWE1YTM5MTA4NzBkMDEzNmM0MTqAAn1xAVUEY2FydHECXXED\ncy4=\n', '2012-03-19 19:03:21'),
('6d88ea22b3328f18034cc34aad1f2cd7', 'Nzg1NGZhZjI2YzFlMjU2YjUyNjM2YWE1YTM5MTA4NzBkMDEzNmM0MTqAAn1xAVUEY2FydHECXXED\ncy4=\n', '2012-03-09 18:46:20'),
('6db854ea557a52f2080aa6e4e4b28189', 'Nzg1NGZhZjI2YzFlMjU2YjUyNjM2YWE1YTM5MTA4NzBkMDEzNmM0MTqAAn1xAVUEY2FydHECXXED\ncy4=\n', '2012-03-21 18:54:03'),
('6e0c106622444a68894308761a59e185', 'Nzg1NGZhZjI2YzFlMjU2YjUyNjM2YWE1YTM5MTA4NzBkMDEzNmM0MTqAAn1xAVUEY2FydHECXXED\ncy4=\n', '2012-03-24 23:49:02'),
('6e4d8f8867951328f84555a54586d77c', 'Nzg1NGZhZjI2YzFlMjU2YjUyNjM2YWE1YTM5MTA4NzBkMDEzNmM0MTqAAn1xAVUEY2FydHECXXED\ncy4=\n', '2012-03-19 10:48:33'),
('6e86d46386139c70d6d8a8a4e86f58eb', 'Nzg1NGZhZjI2YzFlMjU2YjUyNjM2YWE1YTM5MTA4NzBkMDEzNmM0MTqAAn1xAVUEY2FydHECXXED\ncy4=\n', '2012-03-24 18:36:18'),
('6ea7d48acc057736ac6e54df25c2de23', 'Nzg1NGZhZjI2YzFlMjU2YjUyNjM2YWE1YTM5MTA4NzBkMDEzNmM0MTqAAn1xAVUEY2FydHECXXED\ncy4=\n', '2012-03-20 02:40:13'),
('6ecb95a9a24da0d8295cde1539f2cd0e', 'Nzg1NGZhZjI2YzFlMjU2YjUyNjM2YWE1YTM5MTA4NzBkMDEzNmM0MTqAAn1xAVUEY2FydHECXXED\ncy4=\n', '2012-03-09 18:46:21'),
('6ef28f6d83b5df71f71df7b1312a7326', 'Nzg1NGZhZjI2YzFlMjU2YjUyNjM2YWE1YTM5MTA4NzBkMDEzNmM0MTqAAn1xAVUEY2FydHECXXED\ncy4=\n', '2012-03-24 04:58:12'),
('6f061b4d38b295fb8eec8a9f4b204f25', 'Nzg1NGZhZjI2YzFlMjU2YjUyNjM2YWE1YTM5MTA4NzBkMDEzNmM0MTqAAn1xAVUEY2FydHECXXED\ncy4=\n', '2012-03-21 18:54:04'),
('6f2288182808c96a7c16a16fe12a9a59', 'Nzg1NGZhZjI2YzFlMjU2YjUyNjM2YWE1YTM5MTA4NzBkMDEzNmM0MTqAAn1xAVUEY2FydHECXXED\ncy4=\n', '2012-03-19 01:24:38'),
('6f25b48915bcff1c5bd23907f7904850', 'Nzg1NGZhZjI2YzFlMjU2YjUyNjM2YWE1YTM5MTA4NzBkMDEzNmM0MTqAAn1xAVUEY2FydHECXXED\ncy4=\n', '2012-03-10 13:35:26'),
('6f67b422839eae20f11f9e89d4ba07f3', 'Nzg1NGZhZjI2YzFlMjU2YjUyNjM2YWE1YTM5MTA4NzBkMDEzNmM0MTqAAn1xAVUEY2FydHECXXED\ncy4=\n', '2012-03-19 08:23:22'),
('6f7ea7d28297dd3f7b51cb5567b36a45', 'Nzg1NGZhZjI2YzFlMjU2YjUyNjM2YWE1YTM5MTA4NzBkMDEzNmM0MTqAAn1xAVUEY2FydHECXXED\ncy4=\n', '2012-03-24 15:46:29'),
('6f89bf7bb050c67fdc272d1e2d45da3b', 'OGM1NjExOWU0NjQxOWVlZmU3NmYwMzMyNDVkMTc2NjM0MmZkNjQzMDqAAn1xAShVEl9hdXRoX3Vz\nZXJfYmFja2VuZHECVSlkamFuZ28uY29udHJpYi5hdXRoLmJhY2tlbmRzLk1vZGVsQmFja2VuZHED\nVQ1fYXV0aF91c2VyX2lkcQSKAQJ1Lg==\n', '2012-02-05 14:25:25'),
('6fad522bbdd1cd98c6f9e2256f790de6', 'Nzg1NGZhZjI2YzFlMjU2YjUyNjM2YWE1YTM5MTA4NzBkMDEzNmM0MTqAAn1xAVUEY2FydHECXXED\ncy4=\n', '2012-03-09 18:14:58'),
('6fd257bd05e704b20517a91ee5c95601', 'Nzg1NGZhZjI2YzFlMjU2YjUyNjM2YWE1YTM5MTA4NzBkMDEzNmM0MTqAAn1xAVUEY2FydHECXXED\ncy4=\n', '2012-03-19 19:03:23'),
('6fe8c037aae3ba9a67b669379e1566ab', 'Nzg1NGZhZjI2YzFlMjU2YjUyNjM2YWE1YTM5MTA4NzBkMDEzNmM0MTqAAn1xAVUEY2FydHECXXED\ncy4=\n', '2012-03-17 16:56:17'),
('7094dc29885d7637f7428ac14ca6392b', 'Nzg1NGZhZjI2YzFlMjU2YjUyNjM2YWE1YTM5MTA4NzBkMDEzNmM0MTqAAn1xAVUEY2FydHECXXED\ncy4=\n', '2012-03-21 18:54:05'),
('719340125fc2d64c9f84d57fa2687c57', 'Nzg1NGZhZjI2YzFlMjU2YjUyNjM2YWE1YTM5MTA4NzBkMDEzNmM0MTqAAn1xAVUEY2FydHECXXED\ncy4=\n', '2012-03-13 01:42:06'),
('71a322497d502a17e8cdf2a8c9931be4', 'Nzg1NGZhZjI2YzFlMjU2YjUyNjM2YWE1YTM5MTA4NzBkMDEzNmM0MTqAAn1xAVUEY2FydHECXXED\ncy4=\n', '2012-03-12 08:18:25'),
('726c289d3c2d151f6a4d651e72aae7e1', 'Nzg1NGZhZjI2YzFlMjU2YjUyNjM2YWE1YTM5MTA4NzBkMDEzNmM0MTqAAn1xAVUEY2FydHECXXED\ncy4=\n', '2012-03-20 01:16:28'),
('72842233499400a4cd2e29171583f936', 'Nzg1NGZhZjI2YzFlMjU2YjUyNjM2YWE1YTM5MTA4NzBkMDEzNmM0MTqAAn1xAVUEY2FydHECXXED\ncy4=\n', '2012-03-09 18:46:16'),
('72d0e6fedc8605063483b333c0991872', 'Nzg1NGZhZjI2YzFlMjU2YjUyNjM2YWE1YTM5MTA4NzBkMDEzNmM0MTqAAn1xAVUEY2FydHECXXED\ncy4=\n', '2012-03-08 16:19:42'),
('72def02323de57e1a98afc77ebeb4788', 'Nzg1NGZhZjI2YzFlMjU2YjUyNjM2YWE1YTM5MTA4NzBkMDEzNmM0MTqAAn1xAVUEY2FydHECXXED\ncy4=\n', '2012-03-24 16:10:41'),
('72edf0e23fd69a6bb9805ddb060805d8', 'OWU5NjhkNjMxZDA3ODdiODUwOWI1NDg2ZDE1OTYyZGUxZGUyMzdmYjqAAn1xAShVBGNhcnRxAl1x\nA1UNX2F1dGhfdXNlcl9pZHEEigEBVRJfYXV0aF91c2VyX2JhY2tlbmRxBVUpZGphbmdvLmNvbnRy\naWIuYXV0aC5iYWNrZW5kcy5Nb2RlbEJhY2tlbmRxBnUu\n', '2012-03-20 15:14:00'),
('72f5111c2b475897c762fe10512b9a4f', 'Nzg1NGZhZjI2YzFlMjU2YjUyNjM2YWE1YTM5MTA4NzBkMDEzNmM0MTqAAn1xAVUEY2FydHECXXED\ncy4=\n', '2012-03-26 02:16:59'),
('739b880ebbd77640fe8cae19d1f978f2', 'Nzg1NGZhZjI2YzFlMjU2YjUyNjM2YWE1YTM5MTA4NzBkMDEzNmM0MTqAAn1xAVUEY2FydHECXXED\ncy4=\n', '2012-03-19 01:23:28'),
('73c6d159d244fa78d7b38f93be8ed56d', 'Nzg1NGZhZjI2YzFlMjU2YjUyNjM2YWE1YTM5MTA4NzBkMDEzNmM0MTqAAn1xAVUEY2FydHECXXED\ncy4=\n', '2012-03-08 16:19:50'),
('73e8730f92c65953538f821f2c0fc029', 'Nzg1NGZhZjI2YzFlMjU2YjUyNjM2YWE1YTM5MTA4NzBkMDEzNmM0MTqAAn1xAVUEY2FydHECXXED\ncy4=\n', '2012-03-19 01:24:33'),
('73f13beb6442f75e78e6f7b4d4b5e473', 'Nzg1NGZhZjI2YzFlMjU2YjUyNjM2YWE1YTM5MTA4NzBkMDEzNmM0MTqAAn1xAVUEY2FydHECXXED\ncy4=\n', '2012-03-24 14:41:57'),
('741ed73bbce43a84a57809c2732e525d', 'Nzg1NGZhZjI2YzFlMjU2YjUyNjM2YWE1YTM5MTA4NzBkMDEzNmM0MTqAAn1xAVUEY2FydHECXXED\ncy4=\n', '2012-03-20 01:08:20'),
('74202e830d856499f9155353c324577e', 'Nzg1NGZhZjI2YzFlMjU2YjUyNjM2YWE1YTM5MTA4NzBkMDEzNmM0MTqAAn1xAVUEY2FydHECXXED\ncy4=\n', '2012-03-09 18:14:43'),
('744c30cfa538c3cfc650f6a377e731c0', 'NmE4ZGQ3YTI3ZTc3MjdlY2QwNTI4MzBmMTY0ZTYxZTZhN2JjZmE0ZTqAAn1xAVUEY2FydHECXXED\nKH1xBChVAmlkcQVLDVUEYXV0aHEGiVUBdEsBdX1xByhVAmlkcQhLA1UEYXV0aHEJiVUBdEsCdWVz\nLg==\n', '2012-03-20 11:03:58'),
('746a8451ef8aa5a9870c3731133870b5', 'Nzg1NGZhZjI2YzFlMjU2YjUyNjM2YWE1YTM5MTA4NzBkMDEzNmM0MTqAAn1xAVUEY2FydHECXXED\ncy4=\n', '2012-03-21 09:55:43'),
('74785ab2c800bb157ef8d4dc84c3ed81', 'Nzg1NGZhZjI2YzFlMjU2YjUyNjM2YWE1YTM5MTA4NzBkMDEzNmM0MTqAAn1xAVUEY2FydHECXXED\ncy4=\n', '2012-03-22 18:51:19'),
('74956d3c7601a5241b076016726e453a', 'Nzg1NGZhZjI2YzFlMjU2YjUyNjM2YWE1YTM5MTA4NzBkMDEzNmM0MTqAAn1xAVUEY2FydHECXXED\ncy4=\n', '2012-03-21 18:54:04'),
('74c29a3944571ffc4eb1de79012ab80f', 'Nzg1NGZhZjI2YzFlMjU2YjUyNjM2YWE1YTM5MTA4NzBkMDEzNmM0MTqAAn1xAVUEY2FydHECXXED\ncy4=\n', '2012-03-19 01:24:36'),
('74d9838ee1d45574b0f9162ee9c9b2db', 'Nzg1NGZhZjI2YzFlMjU2YjUyNjM2YWE1YTM5MTA4NzBkMDEzNmM0MTqAAn1xAVUEY2FydHECXXED\ncy4=\n', '2012-03-09 18:46:19'),
('74f2830e0d2cd52453893b55b3e56c18', 'Nzg1NGZhZjI2YzFlMjU2YjUyNjM2YWE1YTM5MTA4NzBkMDEzNmM0MTqAAn1xAVUEY2FydHECXXED\ncy4=\n', '2012-03-10 13:35:18'),
('7579c5c12bf12d71c46eeeeacf7130b9', 'Nzg1NGZhZjI2YzFlMjU2YjUyNjM2YWE1YTM5MTA4NzBkMDEzNmM0MTqAAn1xAVUEY2FydHECXXED\ncy4=\n', '2012-03-19 01:23:38'),
('760035971b0fb5740db7b65b51394d73', 'Nzg1NGZhZjI2YzFlMjU2YjUyNjM2YWE1YTM5MTA4NzBkMDEzNmM0MTqAAn1xAVUEY2FydHECXXED\ncy4=\n', '2012-03-21 18:53:53'),
('7650b9d10a99ea44992f7e42449747b3', 'Nzg1NGZhZjI2YzFlMjU2YjUyNjM2YWE1YTM5MTA4NzBkMDEzNmM0MTqAAn1xAVUEY2FydHECXXED\ncy4=\n', '2012-03-10 13:35:32'),
('7687c96a1c643a670bafb6dd0a66b628', 'Nzg1NGZhZjI2YzFlMjU2YjUyNjM2YWE1YTM5MTA4NzBkMDEzNmM0MTqAAn1xAVUEY2FydHECXXED\ncy4=\n', '2012-03-19 08:23:35'),
('76c8f65093287d4742a576f1e9146920', 'Nzg1NGZhZjI2YzFlMjU2YjUyNjM2YWE1YTM5MTA4NzBkMDEzNmM0MTqAAn1xAVUEY2FydHECXXED\ncy4=\n', '2012-03-23 13:45:10'),
('76e54fd39482f0d8b205faef022c718a', 'Nzg1NGZhZjI2YzFlMjU2YjUyNjM2YWE1YTM5MTA4NzBkMDEzNmM0MTqAAn1xAVUEY2FydHECXXED\ncy4=\n', '2012-03-08 16:19:57'),
('7886919b3dcc8cad2250eec3d822b65d', 'Nzg1NGZhZjI2YzFlMjU2YjUyNjM2YWE1YTM5MTA4NzBkMDEzNmM0MTqAAn1xAVUEY2FydHECXXED\ncy4=\n', '2012-03-10 13:35:48'),
('7899c86c2350604e69b93c781878a055', 'Nzg1NGZhZjI2YzFlMjU2YjUyNjM2YWE1YTM5MTA4NzBkMDEzNmM0MTqAAn1xAVUEY2FydHECXXED\ncy4=\n', '2012-03-09 18:14:50'),
('78fc0d68948f383614d778643578987a', 'Nzg1NGZhZjI2YzFlMjU2YjUyNjM2YWE1YTM5MTA4NzBkMDEzNmM0MTqAAn1xAVUEY2FydHECXXED\ncy4=\n', '2012-03-20 14:00:04'),
('794f5036999f2119f770e210c6521737', 'Nzg1NGZhZjI2YzFlMjU2YjUyNjM2YWE1YTM5MTA4NzBkMDEzNmM0MTqAAn1xAVUEY2FydHECXXED\ncy4=\n', '2012-03-21 08:40:51'),
('7998a31a3284c15cbec42ff1c676c5a4', 'Nzg1NGZhZjI2YzFlMjU2YjUyNjM2YWE1YTM5MTA4NzBkMDEzNmM0MTqAAn1xAVUEY2FydHECXXED\ncy4=\n', '2012-03-25 17:48:16'),
('79d94a675baa358060cc26c2c30c6522', 'Nzg1NGZhZjI2YzFlMjU2YjUyNjM2YWE1YTM5MTA4NzBkMDEzNmM0MTqAAn1xAVUEY2FydHECXXED\ncy4=\n', '2012-03-20 02:43:58'),
('79f065c0a967df8e8d20a3e0e55295ef', 'Nzg1NGZhZjI2YzFlMjU2YjUyNjM2YWE1YTM5MTA4NzBkMDEzNmM0MTqAAn1xAVUEY2FydHECXXED\ncy4=\n', '2012-03-20 05:15:51'),
('7a26b822fa8e383bc10111bbcc368112', 'Nzg1NGZhZjI2YzFlMjU2YjUyNjM2YWE1YTM5MTA4NzBkMDEzNmM0MTqAAn1xAVUEY2FydHECXXED\ncy4=\n', '2012-03-14 02:31:57'),
('7a62fed2b6ab27002c8b6a1732835e5f', 'Nzg1NGZhZjI2YzFlMjU2YjUyNjM2YWE1YTM5MTA4NzBkMDEzNmM0MTqAAn1xAVUEY2FydHECXXED\ncy4=\n', '2012-03-19 01:23:31'),
('7a8850338fca01a92a393ab243cfe199', 'Nzg1NGZhZjI2YzFlMjU2YjUyNjM2YWE1YTM5MTA4NzBkMDEzNmM0MTqAAn1xAVUEY2FydHECXXED\ncy4=\n', '2012-03-25 20:54:53'),
('7ae32d54c51f40d078b8ca0b57c89b81', 'Nzg1NGZhZjI2YzFlMjU2YjUyNjM2YWE1YTM5MTA4NzBkMDEzNmM0MTqAAn1xAVUEY2FydHECXXED\ncy4=\n', '2012-03-23 09:58:59'),
('7aebcef42c99ab275c26d8449c3b8cf5', 'Nzg1NGZhZjI2YzFlMjU2YjUyNjM2YWE1YTM5MTA4NzBkMDEzNmM0MTqAAn1xAVUEY2FydHECXXED\ncy4=\n', '2012-03-24 15:12:59'),
('7bd612ccec9efb1be0301e108d6fb9e0', 'Nzg1NGZhZjI2YzFlMjU2YjUyNjM2YWE1YTM5MTA4NzBkMDEzNmM0MTqAAn1xAVUEY2FydHECXXED\ncy4=\n', '2012-03-21 18:54:01'),
('7c072073ad69e27bd59ebbeb54bfd4ee', 'Nzg1NGZhZjI2YzFlMjU2YjUyNjM2YWE1YTM5MTA4NzBkMDEzNmM0MTqAAn1xAVUEY2FydHECXXED\ncy4=\n', '2012-03-21 18:53:56'),
('7c5c784561148ce2add053534d8fa0c2', 'Nzg1NGZhZjI2YzFlMjU2YjUyNjM2YWE1YTM5MTA4NzBkMDEzNmM0MTqAAn1xAVUEY2FydHECXXED\ncy4=\n', '2012-03-20 01:11:52'),
('7c8d3ad2fcfe79a36185464329350b73', 'OGM3N2FhMWMxMWIzNDUxY2E3ODczNTkzYWUyNWM2M2I1Y2YzNzViZjqAAn1xAShVCnRlc3Rjb29r\naWVxAlUGd29ya2VkcQNVBGNhcnRxBF1xBXUu\n', '2012-03-09 18:46:16'),
('7cea99f93de56fceedd0842b2f6500d3', 'Nzg1NGZhZjI2YzFlMjU2YjUyNjM2YWE1YTM5MTA4NzBkMDEzNmM0MTqAAn1xAVUEY2FydHECXXED\ncy4=\n', '2012-03-24 15:35:10'),
('7cf9c6869c683e680e570a1fe6d702a8', 'Nzg1NGZhZjI2YzFlMjU2YjUyNjM2YWE1YTM5MTA4NzBkMDEzNmM0MTqAAn1xAVUEY2FydHECXXED\ncy4=\n', '2012-03-19 08:23:21'),
('7d58e466efdadf4b3d1b9f89d4378185', 'Nzg1NGZhZjI2YzFlMjU2YjUyNjM2YWE1YTM5MTA4NzBkMDEzNmM0MTqAAn1xAVUEY2FydHECXXED\ncy4=\n', '2012-03-12 08:18:23'),
('7d96ab895123f816301456f76e734814', 'Nzg1NGZhZjI2YzFlMjU2YjUyNjM2YWE1YTM5MTA4NzBkMDEzNmM0MTqAAn1xAVUEY2FydHECXXED\ncy4=\n', '2012-03-12 21:40:37'),
('7daa99f85f76fa04c2b9d0d02ce97507', 'Nzg1NGZhZjI2YzFlMjU2YjUyNjM2YWE1YTM5MTA4NzBkMDEzNmM0MTqAAn1xAVUEY2FydHECXXED\ncy4=\n', '2012-03-12 21:40:45'),
('7dd4271f0dc83bd75468ff518a6a7587', 'Nzg1NGZhZjI2YzFlMjU2YjUyNjM2YWE1YTM5MTA4NzBkMDEzNmM0MTqAAn1xAVUEY2FydHECXXED\ncy4=\n', '2012-03-08 16:19:19'),
('7dd6256444b7de7de93d1c50028eb0e1', 'OGM3N2FhMWMxMWIzNDUxY2E3ODczNTkzYWUyNWM2M2I1Y2YzNzViZjqAAn1xAShVCnRlc3Rjb29r\naWVxAlUGd29ya2VkcQNVBGNhcnRxBF1xBXUu\n', '2012-03-13 11:07:49'),
('7e2101f56f0f43ccb06c3571099c00b8', 'Nzg1NGZhZjI2YzFlMjU2YjUyNjM2YWE1YTM5MTA4NzBkMDEzNmM0MTqAAn1xAVUEY2FydHECXXED\ncy4=\n', '2012-03-24 16:49:33'),
('7e43754a1bbe17d809f6f95d07c85b33', 'Nzg1NGZhZjI2YzFlMjU2YjUyNjM2YWE1YTM5MTA4NzBkMDEzNmM0MTqAAn1xAVUEY2FydHECXXED\ncy4=\n', '2012-03-12 08:18:23'),
('7f0bdbc2322eafbce2fed745cf325efc', 'Nzg1NGZhZjI2YzFlMjU2YjUyNjM2YWE1YTM5MTA4NzBkMDEzNmM0MTqAAn1xAVUEY2FydHECXXED\ncy4=\n', '2012-03-24 07:58:43'),
('7f25576a0aef93f209ab80c3c759a0ba', 'Nzg1NGZhZjI2YzFlMjU2YjUyNjM2YWE1YTM5MTA4NzBkMDEzNmM0MTqAAn1xAVUEY2FydHECXXED\ncy4=\n', '2012-03-08 16:19:22'),
('7f5ed9ee7354e1a8c301304725d02d15', 'Nzg1NGZhZjI2YzFlMjU2YjUyNjM2YWE1YTM5MTA4NzBkMDEzNmM0MTqAAn1xAVUEY2FydHECXXED\ncy4=\n', '2012-03-20 02:58:17'),
('7f806c0af9308b7a8c8b5d43491d2807', 'Nzg1NGZhZjI2YzFlMjU2YjUyNjM2YWE1YTM5MTA4NzBkMDEzNmM0MTqAAn1xAVUEY2FydHECXXED\ncy4=\n', '2012-03-14 17:17:33'),
('7f85432c188cc7b33debf3b331082a74', 'Nzg1NGZhZjI2YzFlMjU2YjUyNjM2YWE1YTM5MTA4NzBkMDEzNmM0MTqAAn1xAVUEY2FydHECXXED\ncy4=\n', '2012-03-17 05:33:32'),
('7fe699c1838704c50728e0daddf480bb', 'Nzg1NGZhZjI2YzFlMjU2YjUyNjM2YWE1YTM5MTA4NzBkMDEzNmM0MTqAAn1xAVUEY2FydHECXXED\ncy4=\n', '2012-03-25 17:48:08'),
('8023ee2adfcbddd0e5d5bd29cbcd29e7', 'Nzg1NGZhZjI2YzFlMjU2YjUyNjM2YWE1YTM5MTA4NzBkMDEzNmM0MTqAAn1xAVUEY2FydHECXXED\ncy4=\n', '2012-03-19 01:24:51'),
('805553fbd197261d6f0e553675f3b5d4', 'Nzg1NGZhZjI2YzFlMjU2YjUyNjM2YWE1YTM5MTA4NzBkMDEzNmM0MTqAAn1xAVUEY2FydHECXXED\ncy4=\n', '2012-03-25 17:47:57'),
('80716d9dcc5c5290a527b7a5eb6215ff', 'Nzg1NGZhZjI2YzFlMjU2YjUyNjM2YWE1YTM5MTA4NzBkMDEzNmM0MTqAAn1xAVUEY2FydHECXXED\ncy4=\n', '2012-03-20 16:41:16'),
('807a55db76d8ce2b50731ebe83aa9594', 'Nzg1NGZhZjI2YzFlMjU2YjUyNjM2YWE1YTM5MTA4NzBkMDEzNmM0MTqAAn1xAVUEY2FydHECXXED\ncy4=\n', '2012-03-09 18:14:48'),
('807dd96d42e1d091a9a16504616c32a3', 'Nzg1NGZhZjI2YzFlMjU2YjUyNjM2YWE1YTM5MTA4NzBkMDEzNmM0MTqAAn1xAVUEY2FydHECXXED\ncy4=\n', '2012-03-21 08:38:23'),
('80dca00657b8b8292b292dc65c68c40a', 'Nzg1NGZhZjI2YzFlMjU2YjUyNjM2YWE1YTM5MTA4NzBkMDEzNmM0MTqAAn1xAVUEY2FydHECXXED\ncy4=\n', '2012-03-21 08:54:33'),
('8122766a806b2476e0f42cb93bd75f10', 'Nzg1NGZhZjI2YzFlMjU2YjUyNjM2YWE1YTM5MTA4NzBkMDEzNmM0MTqAAn1xAVUEY2FydHECXXED\ncy4=\n', '2012-03-16 05:00:36'),
('81411799c8ceec3fefea2ffa9272f0ac', 'Nzg1NGZhZjI2YzFlMjU2YjUyNjM2YWE1YTM5MTA4NzBkMDEzNmM0MTqAAn1xAVUEY2FydHECXXED\ncy4=\n', '2012-03-12 08:18:24'),
('815e559ef81fc05484b26663b1e2ba37', 'Nzg1NGZhZjI2YzFlMjU2YjUyNjM2YWE1YTM5MTA4NzBkMDEzNmM0MTqAAn1xAVUEY2FydHECXXED\ncy4=\n', '2012-03-21 18:53:55'),
('81908a500e6323c46c21d982083280ae', 'Nzg1NGZhZjI2YzFlMjU2YjUyNjM2YWE1YTM5MTA4NzBkMDEzNmM0MTqAAn1xAVUEY2FydHECXXED\ncy4=\n', '2012-03-21 09:50:10'),
('81a0c469c2aed2cdaa36d742b26139c7', 'Nzg1NGZhZjI2YzFlMjU2YjUyNjM2YWE1YTM5MTA4NzBkMDEzNmM0MTqAAn1xAVUEY2FydHECXXED\ncy4=\n', '2012-03-09 18:46:18'),
('81be72aed3e876dc44fe787590e32124', 'Nzg1NGZhZjI2YzFlMjU2YjUyNjM2YWE1YTM5MTA4NzBkMDEzNmM0MTqAAn1xAVUEY2FydHECXXED\ncy4=\n', '2012-03-09 18:14:41'),
('81d32449c12d75628252a18921f3673f', 'Nzg1NGZhZjI2YzFlMjU2YjUyNjM2YWE1YTM5MTA4NzBkMDEzNmM0MTqAAn1xAVUEY2FydHECXXED\ncy4=\n', '2012-03-09 18:14:48'),
('8210f7937950f408452156823130f604', 'Nzg1NGZhZjI2YzFlMjU2YjUyNjM2YWE1YTM5MTA4NzBkMDEzNmM0MTqAAn1xAVUEY2FydHECXXED\ncy4=\n', '2012-03-12 08:18:24'),
('8267aea46618aff64005fa74499d9d06', 'Nzg1NGZhZjI2YzFlMjU2YjUyNjM2YWE1YTM5MTA4NzBkMDEzNmM0MTqAAn1xAVUEY2FydHECXXED\ncy4=\n', '2012-03-21 14:29:52'),
('8270e08e96a0a7f5ae31321a8c0aaefc', 'Nzg1NGZhZjI2YzFlMjU2YjUyNjM2YWE1YTM5MTA4NzBkMDEzNmM0MTqAAn1xAVUEY2FydHECXXED\ncy4=\n', '2012-03-19 01:24:34'),
('82c72bddc35ed5d7ec74de4045438095', 'Nzg1NGZhZjI2YzFlMjU2YjUyNjM2YWE1YTM5MTA4NzBkMDEzNmM0MTqAAn1xAVUEY2FydHECXXED\ncy4=\n', '2012-03-13 09:47:03'),
('82ec8a0d234c743fc34988766e226462', 'Nzg1NGZhZjI2YzFlMjU2YjUyNjM2YWE1YTM5MTA4NzBkMDEzNmM0MTqAAn1xAVUEY2FydHECXXED\ncy4=\n', '2012-03-24 15:02:25'),
('837227ba96d4a024ed1b5d4196335a1e', 'Nzg1NGZhZjI2YzFlMjU2YjUyNjM2YWE1YTM5MTA4NzBkMDEzNmM0MTqAAn1xAVUEY2FydHECXXED\ncy4=\n', '2012-03-19 08:23:25'),
('8377babde6926b21946a872318ff57b1', 'Nzg1NGZhZjI2YzFlMjU2YjUyNjM2YWE1YTM5MTA4NzBkMDEzNmM0MTqAAn1xAVUEY2FydHECXXED\ncy4=\n', '2012-03-26 03:54:46'),
('8390778d6c4e8107a057b60756148ae2', 'Nzg1NGZhZjI2YzFlMjU2YjUyNjM2YWE1YTM5MTA4NzBkMDEzNmM0MTqAAn1xAVUEY2FydHECXXED\ncy4=\n', '2012-03-20 13:47:50'),
('8390da1c965ca7a193de164b9eba682f', 'Nzg1NGZhZjI2YzFlMjU2YjUyNjM2YWE1YTM5MTA4NzBkMDEzNmM0MTqAAn1xAVUEY2FydHECXXED\ncy4=\n', '2012-03-13 01:42:07'),
('83dd4e35016e7e3b73a2c70829c1b72c', 'Nzg1NGZhZjI2YzFlMjU2YjUyNjM2YWE1YTM5MTA4NzBkMDEzNmM0MTqAAn1xAVUEY2FydHECXXED\ncy4=\n', '2012-03-13 01:42:08'),
('84107130a968968c0972e889e58248d5', 'Nzg1NGZhZjI2YzFlMjU2YjUyNjM2YWE1YTM5MTA4NzBkMDEzNmM0MTqAAn1xAVUEY2FydHECXXED\ncy4=\n', '2012-03-19 01:24:35'),
('8430a46dcfe6414481146f0833a5553a', 'Nzg1NGZhZjI2YzFlMjU2YjUyNjM2YWE1YTM5MTA4NzBkMDEzNmM0MTqAAn1xAVUEY2FydHECXXED\ncy4=\n', '2012-03-17 16:56:11'),
('843ba1b27057379f0e85b69cdf6fa023', 'Nzg1NGZhZjI2YzFlMjU2YjUyNjM2YWE1YTM5MTA4NzBkMDEzNmM0MTqAAn1xAVUEY2FydHECXXED\ncy4=\n', '2012-03-18 14:04:47'),
('8444f854f5cbe561dff862642ff9e6c1', 'Nzg1NGZhZjI2YzFlMjU2YjUyNjM2YWE1YTM5MTA4NzBkMDEzNmM0MTqAAn1xAVUEY2FydHECXXED\ncy4=\n', '2012-03-17 16:56:02'),
('845cb3f03751e37118b4a2d4123b616b', 'Nzg1NGZhZjI2YzFlMjU2YjUyNjM2YWE1YTM5MTA4NzBkMDEzNmM0MTqAAn1xAVUEY2FydHECXXED\ncy4=\n', '2012-03-09 18:46:20'),
('8476a3b820cd3bbcb96cb6be632d3fa9', 'Nzg1NGZhZjI2YzFlMjU2YjUyNjM2YWE1YTM5MTA4NzBkMDEzNmM0MTqAAn1xAVUEY2FydHECXXED\ncy4=\n', '2012-03-20 00:37:30'),
('8488dd3213bd8e0f4231f0a68f45163b', 'Nzg1NGZhZjI2YzFlMjU2YjUyNjM2YWE1YTM5MTA4NzBkMDEzNmM0MTqAAn1xAVUEY2FydHECXXED\ncy4=\n', '2012-03-12 21:40:43'),
('84a3cd26d6c31d4d85b70298363caa2d', 'Nzg1NGZhZjI2YzFlMjU2YjUyNjM2YWE1YTM5MTA4NzBkMDEzNmM0MTqAAn1xAVUEY2FydHECXXED\ncy4=\n', '2012-03-17 05:30:06'),
('84c8cb04ac825d12347a68d500991e45', 'Nzg1NGZhZjI2YzFlMjU2YjUyNjM2YWE1YTM5MTA4NzBkMDEzNmM0MTqAAn1xAVUEY2FydHECXXED\ncy4=\n', '2012-03-17 16:56:05'),
('84d7db00e6540cc9ffc2fd76426b4c75', 'Nzg1NGZhZjI2YzFlMjU2YjUyNjM2YWE1YTM5MTA4NzBkMDEzNmM0MTqAAn1xAVUEY2FydHECXXED\ncy4=\n', '2012-03-19 01:24:45'),
('855c08160c82fb9d076e21e8c487c3ef', 'Nzg1NGZhZjI2YzFlMjU2YjUyNjM2YWE1YTM5MTA4NzBkMDEzNmM0MTqAAn1xAVUEY2FydHECXXED\ncy4=\n', '2012-03-21 13:06:31'),
('8756bfddcea8ef9db74fefbda116ab49', 'Nzg1NGZhZjI2YzFlMjU2YjUyNjM2YWE1YTM5MTA4NzBkMDEzNmM0MTqAAn1xAVUEY2FydHECXXED\ncy4=\n', '2012-03-13 11:07:59'),
('875c3377859bd4711ece68bf5d4de931', 'Nzg1NGZhZjI2YzFlMjU2YjUyNjM2YWE1YTM5MTA4NzBkMDEzNmM0MTqAAn1xAVUEY2FydHECXXED\ncy4=\n', '2012-03-19 01:23:44'),
('876a4b5ab755f5e42c1188d847797faa', 'Nzg1NGZhZjI2YzFlMjU2YjUyNjM2YWE1YTM5MTA4NzBkMDEzNmM0MTqAAn1xAVUEY2FydHECXXED\ncy4=\n', '2012-03-25 17:48:25'),
('879071098207114a63464702beaccfc8', 'Nzg1NGZhZjI2YzFlMjU2YjUyNjM2YWE1YTM5MTA4NzBkMDEzNmM0MTqAAn1xAVUEY2FydHECXXED\ncy4=\n', '2012-03-15 23:12:00'),
('87cee0b53f03d299442cd8ec0c3f85b9', 'Nzg1NGZhZjI2YzFlMjU2YjUyNjM2YWE1YTM5MTA4NzBkMDEzNmM0MTqAAn1xAVUEY2FydHECXXED\ncy4=\n', '2012-03-19 01:23:32'),
('87f34821f27f4b78a67e7ec06b4b41f7', 'Nzg1NGZhZjI2YzFlMjU2YjUyNjM2YWE1YTM5MTA4NzBkMDEzNmM0MTqAAn1xAVUEY2FydHECXXED\ncy4=\n', '2012-03-23 01:49:49'),
('883d71b91d438c54795d4c3a1c38b2d3', 'Nzg1NGZhZjI2YzFlMjU2YjUyNjM2YWE1YTM5MTA4NzBkMDEzNmM0MTqAAn1xAVUEY2FydHECXXED\ncy4=\n', '2012-03-17 16:56:23'),
('8851f60fa2e9b8786566600636294513', 'Nzg1NGZhZjI2YzFlMjU2YjUyNjM2YWE1YTM5MTA4NzBkMDEzNmM0MTqAAn1xAVUEY2FydHECXXED\ncy4=\n', '2012-03-19 01:23:53'),
('88528d86a7bec0b50e7394751c612e1c', 'Nzg1NGZhZjI2YzFlMjU2YjUyNjM2YWE1YTM5MTA4NzBkMDEzNmM0MTqAAn1xAVUEY2FydHECXXED\ncy4=\n', '2012-03-24 23:49:03'),
('88a166b025e263ab4b914a5da1b99739', 'Nzg1NGZhZjI2YzFlMjU2YjUyNjM2YWE1YTM5MTA4NzBkMDEzNmM0MTqAAn1xAVUEY2FydHECXXED\ncy4=\n', '2012-03-10 13:35:49'),
('88acc0dbb9a7259cbd2b33c7523f442c', 'Nzg1NGZhZjI2YzFlMjU2YjUyNjM2YWE1YTM5MTA4NzBkMDEzNmM0MTqAAn1xAVUEY2FydHECXXED\ncy4=\n', '2012-03-25 17:48:30'),
('88ad7bd4826c674b627960cb9c7872d6', 'Nzg1NGZhZjI2YzFlMjU2YjUyNjM2YWE1YTM5MTA4NzBkMDEzNmM0MTqAAn1xAVUEY2FydHECXXED\ncy4=\n', '2012-03-25 09:08:04'),
('88bc89ddbe553e8e1740ee97dffa8857', 'Nzg1NGZhZjI2YzFlMjU2YjUyNjM2YWE1YTM5MTA4NzBkMDEzNmM0MTqAAn1xAVUEY2FydHECXXED\ncy4=\n', '2012-03-25 03:03:06'),
('88dec3d88b29db12b3ac0610e2a0a9f2', 'Nzg1NGZhZjI2YzFlMjU2YjUyNjM2YWE1YTM5MTA4NzBkMDEzNmM0MTqAAn1xAVUEY2FydHECXXED\ncy4=\n', '2012-03-12 22:14:38'),
('8907b09b9f63b1b113c4a4ba1a373207', 'Nzg1NGZhZjI2YzFlMjU2YjUyNjM2YWE1YTM5MTA4NzBkMDEzNmM0MTqAAn1xAVUEY2FydHECXXED\ncy4=\n', '2012-03-17 16:56:22'),
('8926614d5ac1fcf447f346ebfd1b39ca', 'Nzg1NGZhZjI2YzFlMjU2YjUyNjM2YWE1YTM5MTA4NzBkMDEzNmM0MTqAAn1xAVUEY2FydHECXXED\ncy4=\n', '2012-03-09 18:14:42'),
('893b0cde807ca3090acf9f61c2cdc457', 'Nzg1NGZhZjI2YzFlMjU2YjUyNjM2YWE1YTM5MTA4NzBkMDEzNmM0MTqAAn1xAVUEY2FydHECXXED\ncy4=\n', '2012-03-20 00:27:42'),
('894ccb327ff6f327320573e30fc9e637', 'Nzg1NGZhZjI2YzFlMjU2YjUyNjM2YWE1YTM5MTA4NzBkMDEzNmM0MTqAAn1xAVUEY2FydHECXXED\ncy4=\n', '2012-03-14 05:09:57'),
('89533e61af9bce49c126ff10beffee04', 'Nzg1NGZhZjI2YzFlMjU2YjUyNjM2YWE1YTM5MTA4NzBkMDEzNmM0MTqAAn1xAVUEY2FydHECXXED\ncy4=\n', '2012-03-24 17:03:17'),
('8962d262e9904f7696978cb7bb5356d1', 'Nzg1NGZhZjI2YzFlMjU2YjUyNjM2YWE1YTM5MTA4NzBkMDEzNmM0MTqAAn1xAVUEY2FydHECXXED\ncy4=\n', '2012-03-12 21:40:29'),
('8a3369ef2c4d7c5bf69e330c377eddd0', 'Nzg1NGZhZjI2YzFlMjU2YjUyNjM2YWE1YTM5MTA4NzBkMDEzNmM0MTqAAn1xAVUEY2FydHECXXED\ncy4=\n', '2012-03-24 16:38:11'),
('8a6e91cb71476b9169a3a8fc8dc42e16', 'Nzg1NGZhZjI2YzFlMjU2YjUyNjM2YWE1YTM5MTA4NzBkMDEzNmM0MTqAAn1xAVUEY2FydHECXXED\ncy4=\n', '2012-03-19 08:23:23'),
('8acae1f077da57bd741470738e4b3df8', 'Nzg1NGZhZjI2YzFlMjU2YjUyNjM2YWE1YTM5MTA4NzBkMDEzNmM0MTqAAn1xAVUEY2FydHECXXED\ncy4=\n', '2012-03-25 14:43:01'),
('8b365fb814bfe460fd3f1a4122d466eb', 'Nzg1NGZhZjI2YzFlMjU2YjUyNjM2YWE1YTM5MTA4NzBkMDEzNmM0MTqAAn1xAVUEY2FydHECXXED\ncy4=\n', '2012-03-24 17:47:42'),
('8b3d8b2520c9d870fa4a6cac51ff036a', 'Nzg1NGZhZjI2YzFlMjU2YjUyNjM2YWE1YTM5MTA4NzBkMDEzNmM0MTqAAn1xAVUEY2FydHECXXED\ncy4=\n', '2012-03-12 08:18:25'),
('8b52104b0e4718ad023c9cb52bf0a026', 'Nzg1NGZhZjI2YzFlMjU2YjUyNjM2YWE1YTM5MTA4NzBkMDEzNmM0MTqAAn1xAVUEY2FydHECXXED\ncy4=\n', '2012-03-19 01:24:44'),
('8b887164150fcfbb66ae40764548f000', 'Nzg1NGZhZjI2YzFlMjU2YjUyNjM2YWE1YTM5MTA4NzBkMDEzNmM0MTqAAn1xAVUEY2FydHECXXED\ncy4=\n', '2012-03-21 00:23:20'),
('8bcc2b804c5f02160190797e3ac2e199', 'Nzg1NGZhZjI2YzFlMjU2YjUyNjM2YWE1YTM5MTA4NzBkMDEzNmM0MTqAAn1xAVUEY2FydHECXXED\ncy4=\n', '2012-03-15 07:14:24'),
('8bec44f725c78677a8063dce4a667f08', 'Nzg1NGZhZjI2YzFlMjU2YjUyNjM2YWE1YTM5MTA4NzBkMDEzNmM0MTqAAn1xAVUEY2FydHECXXED\ncy4=\n', '2012-03-19 01:24:32'),
('8bf5d6c56e62a6ba50a1eb5ed445e393', 'Nzg1NGZhZjI2YzFlMjU2YjUyNjM2YWE1YTM5MTA4NzBkMDEzNmM0MTqAAn1xAVUEY2FydHECXXED\ncy4=\n', '2012-03-20 10:21:34'),
('8c239cb73465682120da6f06182d25de', 'Nzg1NGZhZjI2YzFlMjU2YjUyNjM2YWE1YTM5MTA4NzBkMDEzNmM0MTqAAn1xAVUEY2FydHECXXED\ncy4=\n', '2012-03-19 08:23:13'),
('8c9ff011785d233d3071648557cde017', 'Nzg1NGZhZjI2YzFlMjU2YjUyNjM2YWE1YTM5MTA4NzBkMDEzNmM0MTqAAn1xAVUEY2FydHECXXED\ncy4=\n', '2012-03-25 05:24:13'),
('8ca51acde2a896e41ee5d82924d0b123', 'OGM3N2FhMWMxMWIzNDUxY2E3ODczNTkzYWUyNWM2M2I1Y2YzNzViZjqAAn1xAShVCnRlc3Rjb29r\naWVxAlUGd29ya2VkcQNVBGNhcnRxBF1xBXUu\n', '2012-03-19 01:23:30'),
('8cdc731fb95e9f20775938680cf7eb1e', 'Nzg1NGZhZjI2YzFlMjU2YjUyNjM2YWE1YTM5MTA4NzBkMDEzNmM0MTqAAn1xAVUEY2FydHECXXED\ncy4=\n', '2012-03-19 19:03:25'),
('8d0b4daf276367907bcd2980f1311294', 'Nzg1NGZhZjI2YzFlMjU2YjUyNjM2YWE1YTM5MTA4NzBkMDEzNmM0MTqAAn1xAVUEY2FydHECXXED\ncy4=\n', '2012-03-13 01:42:08'),
('8d2f9e2734c53fd237cb4b3be8aa0240', 'Nzg1NGZhZjI2YzFlMjU2YjUyNjM2YWE1YTM5MTA4NzBkMDEzNmM0MTqAAn1xAVUEY2FydHECXXED\ncy4=\n', '2012-03-19 19:03:20'),
('8d8e358f0e668ba01637765b883b9401', 'Nzg1NGZhZjI2YzFlMjU2YjUyNjM2YWE1YTM5MTA4NzBkMDEzNmM0MTqAAn1xAVUEY2FydHECXXED\ncy4=\n', '2012-03-20 10:21:37'),
('8dc3733db096749015352dae63fd656c', 'Nzg1NGZhZjI2YzFlMjU2YjUyNjM2YWE1YTM5MTA4NzBkMDEzNmM0MTqAAn1xAVUEY2FydHECXXED\ncy4=\n', '2012-03-08 21:22:57'),
('8e2766e6c70e705bb9484570e3db84b8', 'Nzg1NGZhZjI2YzFlMjU2YjUyNjM2YWE1YTM5MTA4NzBkMDEzNmM0MTqAAn1xAVUEY2FydHECXXED\ncy4=\n', '2012-03-24 07:58:43'),
('8e44f9ed03b4ae7f92270922d3400cbe', 'Nzg1NGZhZjI2YzFlMjU2YjUyNjM2YWE1YTM5MTA4NzBkMDEzNmM0MTqAAn1xAVUEY2FydHECXXED\ncy4=\n', '2012-03-21 12:27:24'),
('8e512fc9cffdf1c04469b7aa56831205', 'Nzg1NGZhZjI2YzFlMjU2YjUyNjM2YWE1YTM5MTA4NzBkMDEzNmM0MTqAAn1xAVUEY2FydHECXXED\ncy4=\n', '2012-03-19 08:23:38'),
('8f03a09610a17ef2e1f5f635795f9911', 'Nzg1NGZhZjI2YzFlMjU2YjUyNjM2YWE1YTM5MTA4NzBkMDEzNmM0MTqAAn1xAVUEY2FydHECXXED\ncy4=\n', '2012-03-14 17:18:27'),
('8f78b2c4cfdba45191faefb29fe90a60', 'Nzg1NGZhZjI2YzFlMjU2YjUyNjM2YWE1YTM5MTA4NzBkMDEzNmM0MTqAAn1xAVUEY2FydHECXXED\ncy4=\n', '2012-03-08 16:19:31'),
('8faae26f03f2993fed2377d7c01029e1', 'Nzg1NGZhZjI2YzFlMjU2YjUyNjM2YWE1YTM5MTA4NzBkMDEzNmM0MTqAAn1xAVUEY2FydHECXXED\ncy4=\n', '2012-03-19 01:24:25'),
('8fad79996e769c53fe526b94a4c75181', 'Nzg1NGZhZjI2YzFlMjU2YjUyNjM2YWE1YTM5MTA4NzBkMDEzNmM0MTqAAn1xAVUEY2FydHECXXED\ncy4=\n', '2012-03-12 21:40:42'),
('8ff32323bbfcce170d3485bdd9425799', 'Nzg1NGZhZjI2YzFlMjU2YjUyNjM2YWE1YTM5MTA4NzBkMDEzNmM0MTqAAn1xAVUEY2FydHECXXED\ncy4=\n', '2012-03-21 09:35:24'),
('8ffc9a0fc5ef3c2d1e7f7df0916686cc', 'Nzg1NGZhZjI2YzFlMjU2YjUyNjM2YWE1YTM5MTA4NzBkMDEzNmM0MTqAAn1xAVUEY2FydHECXXED\ncy4=\n', '2012-03-21 09:53:52'),
('90595d75b2202aeccd0e586c7e164824', 'Nzg1NGZhZjI2YzFlMjU2YjUyNjM2YWE1YTM5MTA4NzBkMDEzNmM0MTqAAn1xAVUEY2FydHECXXED\ncy4=\n', '2012-03-19 01:23:53'),
('906f78240c22960f9f3b7e9320c8fa25', 'Nzg1NGZhZjI2YzFlMjU2YjUyNjM2YWE1YTM5MTA4NzBkMDEzNmM0MTqAAn1xAVUEY2FydHECXXED\ncy4=\n', '2012-03-08 16:19:43'),
('907aa6cfe81bc127b6f7d76a7d8c2434', 'Nzg1NGZhZjI2YzFlMjU2YjUyNjM2YWE1YTM5MTA4NzBkMDEzNmM0MTqAAn1xAVUEY2FydHECXXED\ncy4=\n', '2012-03-12 21:40:39'),
('90ff0159ba5ad26ef4cbd89f90a7d607', 'Nzg1NGZhZjI2YzFlMjU2YjUyNjM2YWE1YTM5MTA4NzBkMDEzNmM0MTqAAn1xAVUEY2FydHECXXED\ncy4=\n', '2012-03-20 02:51:05'),
('913738e37a652b718a680bf8f2915c88', 'Nzg1NGZhZjI2YzFlMjU2YjUyNjM2YWE1YTM5MTA4NzBkMDEzNmM0MTqAAn1xAVUEY2FydHECXXED\ncy4=\n', '2012-03-24 14:22:33'),
('91c4b805a749cbb33ab5af6a15f15709', 'Nzg1NGZhZjI2YzFlMjU2YjUyNjM2YWE1YTM5MTA4NzBkMDEzNmM0MTqAAn1xAVUEY2FydHECXXED\ncy4=\n', '2012-03-12 08:18:24'),
('91d867761c4f41779245db64566fa6ab', 'Nzg1NGZhZjI2YzFlMjU2YjUyNjM2YWE1YTM5MTA4NzBkMDEzNmM0MTqAAn1xAVUEY2FydHECXXED\ncy4=\n', '2012-03-21 06:54:28'),
('91dc4aaac7025757f8207ea447d99797', 'Nzg1NGZhZjI2YzFlMjU2YjUyNjM2YWE1YTM5MTA4NzBkMDEzNmM0MTqAAn1xAVUEY2FydHECXXED\ncy4=\n', '2012-03-12 08:18:26'),
('91e09e584c371a89ea3716facd268499', 'Nzg1NGZhZjI2YzFlMjU2YjUyNjM2YWE1YTM5MTA4NzBkMDEzNmM0MTqAAn1xAVUEY2FydHECXXED\ncy4=\n', '2012-03-21 09:00:02'),
('91e5428dcb34623a7e60d54dc0456a05', 'Nzg1NGZhZjI2YzFlMjU2YjUyNjM2YWE1YTM5MTA4NzBkMDEzNmM0MTqAAn1xAVUEY2FydHECXXED\ncy4=\n', '2012-03-19 01:23:36'),
('921e02fff2f712a8644105c7ac358185', 'Nzg1NGZhZjI2YzFlMjU2YjUyNjM2YWE1YTM5MTA4NzBkMDEzNmM0MTqAAn1xAVUEY2FydHECXXED\ncy4=\n', '2012-03-12 21:40:31'),
('9279607cbee15e0ee1f32411d5dcc2a2', 'Nzg1NGZhZjI2YzFlMjU2YjUyNjM2YWE1YTM5MTA4NzBkMDEzNmM0MTqAAn1xAVUEY2FydHECXXED\ncy4=\n', '2012-03-19 01:24:24'),
('9303856b93a50eb47d9eab3891f53a30', 'Nzg1NGZhZjI2YzFlMjU2YjUyNjM2YWE1YTM5MTA4NzBkMDEzNmM0MTqAAn1xAVUEY2FydHECXXED\ncy4=\n', '2012-03-09 18:14:54'),
('93bb2c2c27830b049e8cb81a204b121a', 'Nzg1NGZhZjI2YzFlMjU2YjUyNjM2YWE1YTM5MTA4NzBkMDEzNmM0MTqAAn1xAVUEY2FydHECXXED\ncy4=\n', '2012-03-09 18:46:19'),
('93c7996f17baa9c31b1f0e8517f6b550', 'Nzg1NGZhZjI2YzFlMjU2YjUyNjM2YWE1YTM5MTA4NzBkMDEzNmM0MTqAAn1xAVUEY2FydHECXXED\ncy4=\n', '2012-03-13 15:57:25'),
('945ac9bd7928497ea95015903d38063b', 'Nzg1NGZhZjI2YzFlMjU2YjUyNjM2YWE1YTM5MTA4NzBkMDEzNmM0MTqAAn1xAVUEY2FydHECXXED\ncy4=\n', '2012-03-19 08:23:04'),
('948f0e785fc245b9625d34a11dee317d', 'Nzg1NGZhZjI2YzFlMjU2YjUyNjM2YWE1YTM5MTA4NzBkMDEzNmM0MTqAAn1xAVUEY2FydHECXXED\ncy4=\n', '2012-03-09 18:46:17'),
('94aa846a49a7dbed953c12b91007ae3c', 'Nzg1NGZhZjI2YzFlMjU2YjUyNjM2YWE1YTM5MTA4NzBkMDEzNmM0MTqAAn1xAVUEY2FydHECXXED\ncy4=\n', '2012-03-19 01:23:49'),
('951d901b037ea9184262a35e9be81c3e', 'Nzg1NGZhZjI2YzFlMjU2YjUyNjM2YWE1YTM5MTA4NzBkMDEzNmM0MTqAAn1xAVUEY2FydHECXXED\ncy4=\n', '2012-03-20 02:58:15'),
('95b799aec11d229befb3ed0191ce9d29', 'Nzg1NGZhZjI2YzFlMjU2YjUyNjM2YWE1YTM5MTA4NzBkMDEzNmM0MTqAAn1xAVUEY2FydHECXXED\ncy4=\n', '2012-03-10 13:35:36'),
('963b7d44cf5895dcd79f60b30db168c7', 'Nzg1NGZhZjI2YzFlMjU2YjUyNjM2YWE1YTM5MTA4NzBkMDEzNmM0MTqAAn1xAVUEY2FydHECXXED\ncy4=\n', '2012-03-21 18:54:00'),
('9669bcf1954ad7f0d5846cfbb7106ac7', 'Nzg1NGZhZjI2YzFlMjU2YjUyNjM2YWE1YTM5MTA4NzBkMDEzNmM0MTqAAn1xAVUEY2FydHECXXED\ncy4=\n', '2012-03-19 16:30:37'),
('967e48aa463fd2bb0a8e511586ade574', 'Nzg1NGZhZjI2YzFlMjU2YjUyNjM2YWE1YTM5MTA4NzBkMDEzNmM0MTqAAn1xAVUEY2FydHECXXED\ncy4=\n', '2012-03-19 14:35:28'),
('968d5be514e3d2718d14571f3232de83', 'Nzg1NGZhZjI2YzFlMjU2YjUyNjM2YWE1YTM5MTA4NzBkMDEzNmM0MTqAAn1xAVUEY2FydHECXXED\ncy4=\n', '2012-03-17 16:56:03'),
('96bbee6ba2904d34a48a776a192e4238', 'Nzg1NGZhZjI2YzFlMjU2YjUyNjM2YWE1YTM5MTA4NzBkMDEzNmM0MTqAAn1xAVUEY2FydHECXXED\ncy4=\n', '2012-03-20 10:21:25'),
('97166025b25445e427eff613ea9bede1', 'Nzg1NGZhZjI2YzFlMjU2YjUyNjM2YWE1YTM5MTA4NzBkMDEzNmM0MTqAAn1xAVUEY2FydHECXXED\ncy4=\n', '2012-03-20 10:21:32'),
('9753c7bcaedee3013b2e6cd4e4ff7e21', 'Nzg1NGZhZjI2YzFlMjU2YjUyNjM2YWE1YTM5MTA4NzBkMDEzNmM0MTqAAn1xAVUEY2FydHECXXED\ncy4=\n', '2012-03-21 09:53:59'),
('9760d0912b1f6d4f1bae92c63cc4f75e', 'Nzg1NGZhZjI2YzFlMjU2YjUyNjM2YWE1YTM5MTA4NzBkMDEzNmM0MTqAAn1xAVUEY2FydHECXXED\ncy4=\n', '2012-03-12 08:18:24'),
('9779c0f7bae106096e0fd3ffbe67ee4f', 'Nzg1NGZhZjI2YzFlMjU2YjUyNjM2YWE1YTM5MTA4NzBkMDEzNmM0MTqAAn1xAVUEY2FydHECXXED\ncy4=\n', '2012-03-12 08:18:25'),
('97d45eab337f474956caa5190ec9fd87', 'Nzg1NGZhZjI2YzFlMjU2YjUyNjM2YWE1YTM5MTA4NzBkMDEzNmM0MTqAAn1xAVUEY2FydHECXXED\ncy4=\n', '2012-03-15 21:21:51'),
('986bf29c4c531593cc8898e72ff7a00a', 'Nzg1NGZhZjI2YzFlMjU2YjUyNjM2YWE1YTM5MTA4NzBkMDEzNmM0MTqAAn1xAVUEY2FydHECXXED\ncy4=\n', '2012-03-23 15:46:37'),
('98783e2ce5efb62d636f79560a5096b5', 'Nzg1NGZhZjI2YzFlMjU2YjUyNjM2YWE1YTM5MTA4NzBkMDEzNmM0MTqAAn1xAVUEY2FydHECXXED\ncy4=\n', '2012-03-12 21:40:45'),
('98ec832eef25ad501767c3a38f77d490', 'Nzg1NGZhZjI2YzFlMjU2YjUyNjM2YWE1YTM5MTA4NzBkMDEzNmM0MTqAAn1xAVUEY2FydHECXXED\ncy4=\n', '2012-03-11 06:00:13'),
('98f0d256d62ba78586d5372e0e81f005', 'Nzg1NGZhZjI2YzFlMjU2YjUyNjM2YWE1YTM5MTA4NzBkMDEzNmM0MTqAAn1xAVUEY2FydHECXXED\ncy4=\n', '2012-03-19 01:23:28'),
('994c80a196637816f75c409df3215ffb', 'Nzg1NGZhZjI2YzFlMjU2YjUyNjM2YWE1YTM5MTA4NzBkMDEzNmM0MTqAAn1xAVUEY2FydHECXXED\ncy4=\n', '2012-03-21 06:54:27'),
('999e965c64a2a404f121034521a6a558', 'Nzg1NGZhZjI2YzFlMjU2YjUyNjM2YWE1YTM5MTA4NzBkMDEzNmM0MTqAAn1xAVUEY2FydHECXXED\ncy4=\n', '2012-03-19 01:24:33'),
('9a0eddd0e1ac29e8f3dda3b05b5151aa', 'Nzg1NGZhZjI2YzFlMjU2YjUyNjM2YWE1YTM5MTA4NzBkMDEzNmM0MTqAAn1xAVUEY2FydHECXXED\ncy4=\n', '2012-03-17 16:56:12'),
('9a546f67d00229e139e49f9b4e0a3583', 'Nzg1NGZhZjI2YzFlMjU2YjUyNjM2YWE1YTM5MTA4NzBkMDEzNmM0MTqAAn1xAVUEY2FydHECXXED\ncy4=\n', '2012-03-08 16:19:21'),
('9a76bb606f412fd590142bb481ba40c6', 'Nzg1NGZhZjI2YzFlMjU2YjUyNjM2YWE1YTM5MTA4NzBkMDEzNmM0MTqAAn1xAVUEY2FydHECXXED\ncy4=\n', '2012-03-12 08:18:24'),
('9aa92ca50a946e6e22678c431abc7686', 'Nzg1NGZhZjI2YzFlMjU2YjUyNjM2YWE1YTM5MTA4NzBkMDEzNmM0MTqAAn1xAVUEY2FydHECXXED\ncy4=\n', '2012-03-20 13:28:39'),
('9c32c5823adb3e5c40075d3142b7a29e', 'Nzg1NGZhZjI2YzFlMjU2YjUyNjM2YWE1YTM5MTA4NzBkMDEzNmM0MTqAAn1xAVUEY2FydHECXXED\ncy4=\n', '2012-03-13 17:11:47'),
('9c666b466a1216e87371d4412fd6b393', 'Nzg1NGZhZjI2YzFlMjU2YjUyNjM2YWE1YTM5MTA4NzBkMDEzNmM0MTqAAn1xAVUEY2FydHECXXED\ncy4=\n', '2012-03-10 13:35:35'),
('9c8897d6fc7c3046e0093a37e812b2a3', 'Nzg1NGZhZjI2YzFlMjU2YjUyNjM2YWE1YTM5MTA4NzBkMDEzNmM0MTqAAn1xAVUEY2FydHECXXED\ncy4=\n', '2012-03-12 08:18:24'),
('9c8a2703eec99dfc356b82d14588dbac', 'Nzg1NGZhZjI2YzFlMjU2YjUyNjM2YWE1YTM5MTA4NzBkMDEzNmM0MTqAAn1xAVUEY2FydHECXXED\ncy4=\n', '2012-03-25 14:44:44'),
('9c9a1e9aec5df7cd0e86e6917cbcdc5b', 'Nzg1NGZhZjI2YzFlMjU2YjUyNjM2YWE1YTM5MTA4NzBkMDEzNmM0MTqAAn1xAVUEY2FydHECXXED\ncy4=\n', '2012-03-21 18:53:52'),
('9cbc641323cce69e86b96aacbf35c40c', 'Nzg1NGZhZjI2YzFlMjU2YjUyNjM2YWE1YTM5MTA4NzBkMDEzNmM0MTqAAn1xAVUEY2FydHECXXED\ncy4=\n', '2012-03-25 17:48:06'),
('9cc128847b1a120a9c4d4bc3ff4db10a', 'Nzg1NGZhZjI2YzFlMjU2YjUyNjM2YWE1YTM5MTA4NzBkMDEzNmM0MTqAAn1xAVUEY2FydHECXXED\ncy4=\n', '2012-03-09 18:15:00'),
('9d11f1ae8480adc12fda5736bd012c76', 'YjAyMjYyMWJlMjk3MzJkOGEyY2ViNjE0OTczODE3MjdlMDg3NmMxMjqAAn1xAVUEY2FydHECXXED\nfXEEKFUCaWRxBUs9VQRhdXRocQaJVQF0SwF1YXMu\n', '2012-03-26 07:54:09'),
('9d4716be53fee53b12790e7a1c8da1c6', 'Nzg1NGZhZjI2YzFlMjU2YjUyNjM2YWE1YTM5MTA4NzBkMDEzNmM0MTqAAn1xAVUEY2FydHECXXED\ncy4=\n', '2012-03-19 01:23:38'),
('9da7586c4bc6d6711ba506483d1e056d', 'Nzg1NGZhZjI2YzFlMjU2YjUyNjM2YWE1YTM5MTA4NzBkMDEzNmM0MTqAAn1xAVUEY2FydHECXXED\ncy4=\n', '2012-03-10 13:35:14'),
('9db7bc1dd1ee64cacfac237db928b613', 'Nzg1NGZhZjI2YzFlMjU2YjUyNjM2YWE1YTM5MTA4NzBkMDEzNmM0MTqAAn1xAVUEY2FydHECXXED\ncy4=\n', '2012-03-19 08:23:15'),
('9dbda58139d3017e8d74d47379fa4e8f', 'Nzg1NGZhZjI2YzFlMjU2YjUyNjM2YWE1YTM5MTA4NzBkMDEzNmM0MTqAAn1xAVUEY2FydHECXXED\ncy4=\n', '2012-03-08 19:24:01'),
('9ddb1ff612cf0589ab10a3a2f6d50687', 'Nzg1NGZhZjI2YzFlMjU2YjUyNjM2YWE1YTM5MTA4NzBkMDEzNmM0MTqAAn1xAVUEY2FydHECXXED\ncy4=\n', '2012-03-14 17:18:01'),
('9dfd850d456e4c402ce29177e71c77cf', 'Nzg1NGZhZjI2YzFlMjU2YjUyNjM2YWE1YTM5MTA4NzBkMDEzNmM0MTqAAn1xAVUEY2FydHECXXED\ncy4=\n', '2012-03-09 18:46:21'),
('9e14581483b81da6bc74d4512c789a00', 'Nzg1NGZhZjI2YzFlMjU2YjUyNjM2YWE1YTM5MTA4NzBkMDEzNmM0MTqAAn1xAVUEY2FydHECXXED\ncy4=\n', '2012-03-11 07:52:18'),
('9e158292ec7dcfbdf8b4e8141adc9426', 'Nzg1NGZhZjI2YzFlMjU2YjUyNjM2YWE1YTM5MTA4NzBkMDEzNmM0MTqAAn1xAVUEY2FydHECXXED\ncy4=\n', '2012-03-21 10:30:52'),
('9e2ffb02cd80b530aa808a9bc0533c74', 'Nzg1NGZhZjI2YzFlMjU2YjUyNjM2YWE1YTM5MTA4NzBkMDEzNmM0MTqAAn1xAVUEY2FydHECXXED\ncy4=\n', '2012-03-20 10:21:25'),
('9e9563ce6b335db9d7e4562a59ec53f3', 'Nzg1NGZhZjI2YzFlMjU2YjUyNjM2YWE1YTM5MTA4NzBkMDEzNmM0MTqAAn1xAVUEY2FydHECXXED\ncy4=\n', '2012-03-25 17:48:12'),
('9f6d29bfd1d8adaf2a39ef6c785e284e', 'Nzg1NGZhZjI2YzFlMjU2YjUyNjM2YWE1YTM5MTA4NzBkMDEzNmM0MTqAAn1xAVUEY2FydHECXXED\ncy4=\n', '2012-03-12 21:40:35'),
('9fa7b7a52a557ea53a39437621cf5484', 'Nzg1NGZhZjI2YzFlMjU2YjUyNjM2YWE1YTM5MTA4NzBkMDEzNmM0MTqAAn1xAVUEY2FydHECXXED\ncy4=\n', '2012-03-19 08:23:11'),
('a02b0418b97457e9beca51cc9aba9abd', 'Nzg1NGZhZjI2YzFlMjU2YjUyNjM2YWE1YTM5MTA4NzBkMDEzNmM0MTqAAn1xAVUEY2FydHECXXED\ncy4=\n', '2012-03-13 11:08:00'),
('a08fd191e4707cce557388bc9c1b83ae', 'Nzg1NGZhZjI2YzFlMjU2YjUyNjM2YWE1YTM5MTA4NzBkMDEzNmM0MTqAAn1xAVUEY2FydHECXXED\ncy4=\n', '2012-03-24 15:02:26'),
('a0cb01108ba31af8cdeb7f4db71bdf8e', 'Nzg1NGZhZjI2YzFlMjU2YjUyNjM2YWE1YTM5MTA4NzBkMDEzNmM0MTqAAn1xAVUEY2FydHECXXED\ncy4=\n', '2012-03-09 18:14:54'),
('a0cc8b07009d75e6a259788d67fa93c8', 'Nzg1NGZhZjI2YzFlMjU2YjUyNjM2YWE1YTM5MTA4NzBkMDEzNmM0MTqAAn1xAVUEY2FydHECXXED\ncy4=\n', '2012-03-17 16:56:19'),
('a0e23828aa9ca64885dbb84e79f99a5a', 'Nzg1NGZhZjI2YzFlMjU2YjUyNjM2YWE1YTM5MTA4NzBkMDEzNmM0MTqAAn1xAVUEY2FydHECXXED\ncy4=\n', '2012-03-21 10:47:10'),
('a0e890755098d48a22888b8a424eced1', 'Nzg1NGZhZjI2YzFlMjU2YjUyNjM2YWE1YTM5MTA4NzBkMDEzNmM0MTqAAn1xAVUEY2FydHECXXED\ncy4=\n', '2012-03-12 08:18:20'),
('a11754ff7556073656b04d5e84758de2', 'Nzg1NGZhZjI2YzFlMjU2YjUyNjM2YWE1YTM5MTA4NzBkMDEzNmM0MTqAAn1xAVUEY2FydHECXXED\ncy4=\n', '2012-03-19 20:42:06'),
('a16b921c0273baa15854d5d004bb8da9', 'Nzg1NGZhZjI2YzFlMjU2YjUyNjM2YWE1YTM5MTA4NzBkMDEzNmM0MTqAAn1xAVUEY2FydHECXXED\ncy4=\n', '2012-03-19 08:23:39'),
('a19fffee04337081b505419392fe903c', 'Nzg1NGZhZjI2YzFlMjU2YjUyNjM2YWE1YTM5MTA4NzBkMDEzNmM0MTqAAn1xAVUEY2FydHECXXED\ncy4=\n', '2012-03-20 21:28:22'),
('a1afa33332744294860553fe737f8d67', 'Nzg1NGZhZjI2YzFlMjU2YjUyNjM2YWE1YTM5MTA4NzBkMDEzNmM0MTqAAn1xAVUEY2FydHECXXED\ncy4=\n', '2012-03-09 18:14:44'),
('a1ea9cee6b8ad87eb1bd8b3f6045d9c0', 'Nzg1NGZhZjI2YzFlMjU2YjUyNjM2YWE1YTM5MTA4NzBkMDEzNmM0MTqAAn1xAVUEY2FydHECXXED\ncy4=\n', '2012-03-21 09:46:29'),
('a245f99debfb6f6934a78cbd4fcfe74b', 'Nzg1NGZhZjI2YzFlMjU2YjUyNjM2YWE1YTM5MTA4NzBkMDEzNmM0MTqAAn1xAVUEY2FydHECXXED\ncy4=\n', '2012-03-19 19:03:23'),
('a2495bce75a8bb8c88e548fa81757242', 'Nzg1NGZhZjI2YzFlMjU2YjUyNjM2YWE1YTM5MTA4NzBkMDEzNmM0MTqAAn1xAVUEY2FydHECXXED\ncy4=\n', '2012-03-19 08:23:12'),
('a2498f44cd88c170fcd8e421a3727755', 'Nzg1NGZhZjI2YzFlMjU2YjUyNjM2YWE1YTM5MTA4NzBkMDEzNmM0MTqAAn1xAVUEY2FydHECXXED\ncy4=\n', '2012-03-09 18:46:20'),
('a26a7621641f623c7ec95efe99c028b5', 'Nzg1NGZhZjI2YzFlMjU2YjUyNjM2YWE1YTM5MTA4NzBkMDEzNmM0MTqAAn1xAVUEY2FydHECXXED\ncy4=\n', '2012-03-08 16:19:55'),
('a274933c873cd90e8d5799db8c429931', 'Nzg1NGZhZjI2YzFlMjU2YjUyNjM2YWE1YTM5MTA4NzBkMDEzNmM0MTqAAn1xAVUEY2FydHECXXED\ncy4=\n', '2012-03-25 17:48:28'),
('a29a6d65d1c03da32e60fc5a0eb25f13', 'Nzg1NGZhZjI2YzFlMjU2YjUyNjM2YWE1YTM5MTA4NzBkMDEzNmM0MTqAAn1xAVUEY2FydHECXXED\ncy4=\n', '2012-03-13 01:42:08'),
('a2d2349549ce84cd3924c091a0fc6041', 'Nzg1NGZhZjI2YzFlMjU2YjUyNjM2YWE1YTM5MTA4NzBkMDEzNmM0MTqAAn1xAVUEY2FydHECXXED\ncy4=\n', '2012-03-19 01:24:32'),
('a2e3c9c9f87f985b3d610954bf4ad678', 'Nzg1NGZhZjI2YzFlMjU2YjUyNjM2YWE1YTM5MTA4NzBkMDEzNmM0MTqAAn1xAVUEY2FydHECXXED\ncy4=\n', '2012-03-09 18:46:18'),
('a34a35d8412463987a8018c7fa889b3b', 'Nzg1NGZhZjI2YzFlMjU2YjUyNjM2YWE1YTM5MTA4NzBkMDEzNmM0MTqAAn1xAVUEY2FydHECXXED\ncy4=\n', '2012-03-25 17:48:29'),
('a3b24e18629d1a721f2003a52595edaa', 'Nzg1NGZhZjI2YzFlMjU2YjUyNjM2YWE1YTM5MTA4NzBkMDEzNmM0MTqAAn1xAVUEY2FydHECXXED\ncy4=\n', '2012-03-19 01:23:51'),
('a41a7aeaa406f5c10e3112414c9d9cf1', 'Nzg1NGZhZjI2YzFlMjU2YjUyNjM2YWE1YTM5MTA4NzBkMDEzNmM0MTqAAn1xAVUEY2FydHECXXED\ncy4=\n', '2012-03-23 04:14:00'),
('a45e5987b9d2fb681eb64042a799cc16', 'Nzg1NGZhZjI2YzFlMjU2YjUyNjM2YWE1YTM5MTA4NzBkMDEzNmM0MTqAAn1xAVUEY2FydHECXXED\ncy4=\n', '2012-03-13 01:42:07'),
('a466c1eae6d26889928b4d362c5e50e0', 'Nzg1NGZhZjI2YzFlMjU2YjUyNjM2YWE1YTM5MTA4NzBkMDEzNmM0MTqAAn1xAVUEY2FydHECXXED\ncy4=\n', '2012-02-28 10:19:43'),
('a472f14d2c0e57c87e931b131562419e', 'Nzg1NGZhZjI2YzFlMjU2YjUyNjM2YWE1YTM5MTA4NzBkMDEzNmM0MTqAAn1xAVUEY2FydHECXXED\ncy4=\n', '2012-03-21 10:12:21'),
('a5459c56b34610ea634666232e0704e5', 'Nzg1NGZhZjI2YzFlMjU2YjUyNjM2YWE1YTM5MTA4NzBkMDEzNmM0MTqAAn1xAVUEY2FydHECXXED\ncy4=\n', '2012-03-25 14:49:39'),
('a553fb08d7d0127884698fd78190fbaa', 'Nzg1NGZhZjI2YzFlMjU2YjUyNjM2YWE1YTM5MTA4NzBkMDEzNmM0MTqAAn1xAVUEY2FydHECXXED\ncy4=\n', '2012-03-19 19:03:29'),
('a55a9aa5098a7efc5d45c2a7ee8e8b57', 'Nzg1NGZhZjI2YzFlMjU2YjUyNjM2YWE1YTM5MTA4NzBkMDEzNmM0MTqAAn1xAVUEY2FydHECXXED\ncy4=\n', '2012-03-24 18:19:46'),
('a5f21d365235e16bbb7cd9102e52a5ae', 'Nzg1NGZhZjI2YzFlMjU2YjUyNjM2YWE1YTM5MTA4NzBkMDEzNmM0MTqAAn1xAVUEY2FydHECXXED\ncy4=\n', '2012-03-21 10:47:10'),
('a64c0c3db0d29d430136278eefff1db5', 'Nzg1NGZhZjI2YzFlMjU2YjUyNjM2YWE1YTM5MTA4NzBkMDEzNmM0MTqAAn1xAVUEY2FydHECXXED\ncy4=\n', '2012-03-19 01:24:35'),
('a6e7392f423279ed54b4419695f3fd2f', 'Nzg1NGZhZjI2YzFlMjU2YjUyNjM2YWE1YTM5MTA4NzBkMDEzNmM0MTqAAn1xAVUEY2FydHECXXED\ncy4=\n', '2012-03-25 17:48:26'),
('a84690529c5bbd9938f2efb578705e96', 'Nzg1NGZhZjI2YzFlMjU2YjUyNjM2YWE1YTM5MTA4NzBkMDEzNmM0MTqAAn1xAVUEY2FydHECXXED\ncy4=\n', '2012-03-21 18:53:55'),
('a8558aeb35c7599ef4891f20aedd3427', 'Nzg1NGZhZjI2YzFlMjU2YjUyNjM2YWE1YTM5MTA4NzBkMDEzNmM0MTqAAn1xAVUEY2FydHECXXED\ncy4=\n', '2012-03-13 11:07:56'),
('a875f81edd6d2f822d5d0b3e9076c6f4', 'Nzg1NGZhZjI2YzFlMjU2YjUyNjM2YWE1YTM5MTA4NzBkMDEzNmM0MTqAAn1xAVUEY2FydHECXXED\ncy4=\n', '2012-03-25 14:47:50'),
('a910dd245458b9b960e19a154bb1781e', 'Nzg1NGZhZjI2YzFlMjU2YjUyNjM2YWE1YTM5MTA4NzBkMDEzNmM0MTqAAn1xAVUEY2FydHECXXED\ncy4=\n', '2012-03-24 18:03:26'),
('a9a3419812472fcedd7a43ae31227f19', 'Nzg1NGZhZjI2YzFlMjU2YjUyNjM2YWE1YTM5MTA4NzBkMDEzNmM0MTqAAn1xAVUEY2FydHECXXED\ncy4=\n', '2012-03-19 01:23:37'),
('a9cf989281367e6cf2c446f8d90b3467', 'Nzg1NGZhZjI2YzFlMjU2YjUyNjM2YWE1YTM5MTA4NzBkMDEzNmM0MTqAAn1xAVUEY2FydHECXXED\ncy4=\n', '2012-03-20 10:21:27'),
('a9ee7dec6f26ffad1dc24edfc8cfe4d8', 'Nzg1NGZhZjI2YzFlMjU2YjUyNjM2YWE1YTM5MTA4NzBkMDEzNmM0MTqAAn1xAVUEY2FydHECXXED\ncy4=\n', '2012-03-19 08:23:19'),
('aa24ef92383fa86a5cae6d285cfd68c2', 'Nzg1NGZhZjI2YzFlMjU2YjUyNjM2YWE1YTM5MTA4NzBkMDEzNmM0MTqAAn1xAVUEY2FydHECXXED\ncy4=\n', '2012-03-25 05:24:12'),
('aa322a0def5c26bdf5ac391b18a3fbc9', 'Nzg1NGZhZjI2YzFlMjU2YjUyNjM2YWE1YTM5MTA4NzBkMDEzNmM0MTqAAn1xAVUEY2FydHECXXED\ncy4=\n', '2012-03-15 23:12:00'),
('aa35db456401a6828de843bfc326f953', 'Nzg1NGZhZjI2YzFlMjU2YjUyNjM2YWE1YTM5MTA4NzBkMDEzNmM0MTqAAn1xAVUEY2FydHECXXED\ncy4=\n', '2012-03-20 00:37:30'),
('aa3a295367e9ae81e90b9445af059127', 'Nzg1NGZhZjI2YzFlMjU2YjUyNjM2YWE1YTM5MTA4NzBkMDEzNmM0MTqAAn1xAVUEY2FydHECXXED\ncy4=\n', '2012-03-21 08:57:17'),
('aa60155b3fc621d21e8f2861f6e48ace', 'Nzg1NGZhZjI2YzFlMjU2YjUyNjM2YWE1YTM5MTA4NzBkMDEzNmM0MTqAAn1xAVUEY2FydHECXXED\ncy4=\n', '2012-03-25 03:12:11'),
('aa8617c820ca7fba82b51c9fdb707a22', 'Nzg1NGZhZjI2YzFlMjU2YjUyNjM2YWE1YTM5MTA4NzBkMDEzNmM0MTqAAn1xAVUEY2FydHECXXED\ncy4=\n', '2012-03-15 11:16:08'),
('aa905ff53acf3997a4896bf2793a6908', 'Nzg1NGZhZjI2YzFlMjU2YjUyNjM2YWE1YTM5MTA4NzBkMDEzNmM0MTqAAn1xAVUEY2FydHECXXED\ncy4=\n', '2012-03-09 18:46:18'),
('aac58432d23f9fbcbed91ea67efbbfec', 'Nzg1NGZhZjI2YzFlMjU2YjUyNjM2YWE1YTM5MTA4NzBkMDEzNmM0MTqAAn1xAVUEY2FydHECXXED\ncy4=\n', '2012-03-12 08:18:25'),
('ab04ecf35ed8f8ae200eb1fc86d62c1d', 'Nzg1NGZhZjI2YzFlMjU2YjUyNjM2YWE1YTM5MTA4NzBkMDEzNmM0MTqAAn1xAVUEY2FydHECXXED\ncy4=\n', '2012-03-25 03:03:04'),
('ab9221a1b444064c27329dcf5dc36b7e', 'Nzg1NGZhZjI2YzFlMjU2YjUyNjM2YWE1YTM5MTA4NzBkMDEzNmM0MTqAAn1xAVUEY2FydHECXXED\ncy4=\n', '2012-03-25 17:47:59'),
('ab99d82ef78776783c4fe61844d22b74', 'Nzg1NGZhZjI2YzFlMjU2YjUyNjM2YWE1YTM5MTA4NzBkMDEzNmM0MTqAAn1xAVUEY2FydHECXXED\ncy4=\n', '2012-03-20 02:58:18'),
('aba0215bd7b9bd51fdaf56e7ea1b41ba', 'NjIzYmE1MTlkYjVhYmM1MmY1ZjhjNTY0YWE5OGU5YTAyNWQ5OGIwZDqAAn1xAVUEY2FydHECXXED\nfXEEKFUCaWRxBUtCVQRhdXRocQaJVQF0SwF1YXMu\n', '2012-03-24 12:23:41');
INSERT INTO `django_session` (`session_key`, `session_data`, `expire_date`) VALUES
('abc43c089d09d2d00bf3399d4950abcd', 'Nzg1NGZhZjI2YzFlMjU2YjUyNjM2YWE1YTM5MTA4NzBkMDEzNmM0MTqAAn1xAVUEY2FydHECXXED\ncy4=\n', '2012-03-19 19:03:19'),
('abedaa86b439a0df7b29594782da2843', 'Nzg1NGZhZjI2YzFlMjU2YjUyNjM2YWE1YTM5MTA4NzBkMDEzNmM0MTqAAn1xAVUEY2FydHECXXED\ncy4=\n', '2012-03-24 15:58:22'),
('ac0afebfe6286b023e800136eb4a53fc', 'Nzg1NGZhZjI2YzFlMjU2YjUyNjM2YWE1YTM5MTA4NzBkMDEzNmM0MTqAAn1xAVUEY2FydHECXXED\ncy4=\n', '2012-03-19 08:23:18'),
('ac4dcaadbbf2b997f9567d0de289a886', 'Nzg1NGZhZjI2YzFlMjU2YjUyNjM2YWE1YTM5MTA4NzBkMDEzNmM0MTqAAn1xAVUEY2FydHECXXED\ncy4=\n', '2012-03-25 04:00:02'),
('acab9e57a91cde95d0e33ec8df8a95ab', 'Nzg1NGZhZjI2YzFlMjU2YjUyNjM2YWE1YTM5MTA4NzBkMDEzNmM0MTqAAn1xAVUEY2FydHECXXED\ncy4=\n', '2012-03-12 08:18:26'),
('acc1cb680435e912aa2135367f35caec', 'Nzg1NGZhZjI2YzFlMjU2YjUyNjM2YWE1YTM5MTA4NzBkMDEzNmM0MTqAAn1xAVUEY2FydHECXXED\ncy4=\n', '2012-03-19 08:23:31'),
('adf226f3553eccf1a0ebf9233b7685ab', 'Nzg1NGZhZjI2YzFlMjU2YjUyNjM2YWE1YTM5MTA4NzBkMDEzNmM0MTqAAn1xAVUEY2FydHECXXED\ncy4=\n', '2012-03-21 10:52:53'),
('ae49c8319da06580dc053bffaa0dc375', 'Nzg1NGZhZjI2YzFlMjU2YjUyNjM2YWE1YTM5MTA4NzBkMDEzNmM0MTqAAn1xAVUEY2FydHECXXED\ncy4=\n', '2012-03-13 11:07:57'),
('ae4c0dbaf7068b70b29c5f0c54a712c9', 'Nzg1NGZhZjI2YzFlMjU2YjUyNjM2YWE1YTM5MTA4NzBkMDEzNmM0MTqAAn1xAVUEY2FydHECXXED\ncy4=\n', '2012-03-20 00:53:59'),
('ae4d08ae02a90a36effa53116d2e44e0', 'Nzg1NGZhZjI2YzFlMjU2YjUyNjM2YWE1YTM5MTA4NzBkMDEzNmM0MTqAAn1xAVUEY2FydHECXXED\ncy4=\n', '2012-03-20 02:43:58'),
('ae5208eb03fa6a04c813b082890bdfc8', 'Nzg1NGZhZjI2YzFlMjU2YjUyNjM2YWE1YTM5MTA4NzBkMDEzNmM0MTqAAn1xAVUEY2FydHECXXED\ncy4=\n', '2012-03-13 01:42:05'),
('ae822fb124b35176d706168864e6f7cc', 'Nzg1NGZhZjI2YzFlMjU2YjUyNjM2YWE1YTM5MTA4NzBkMDEzNmM0MTqAAn1xAVUEY2FydHECXXED\ncy4=\n', '2012-03-13 07:52:12'),
('aeaaecf58cdd6425a040974a0d6e1a15', 'Nzg1NGZhZjI2YzFlMjU2YjUyNjM2YWE1YTM5MTA4NzBkMDEzNmM0MTqAAn1xAVUEY2FydHECXXED\ncy4=\n', '2012-03-19 19:03:27'),
('aeab6ee833a8b38f0db8e624984772dc', 'Nzg1NGZhZjI2YzFlMjU2YjUyNjM2YWE1YTM5MTA4NzBkMDEzNmM0MTqAAn1xAVUEY2FydHECXXED\ncy4=\n', '2012-03-13 11:07:48'),
('aefb9837c5a24d88335315d39992d3e9', 'Nzg1NGZhZjI2YzFlMjU2YjUyNjM2YWE1YTM5MTA4NzBkMDEzNmM0MTqAAn1xAVUEY2FydHECXXED\ncy4=\n', '2012-03-21 10:52:53'),
('af9fa4b313154cb618abe9610896728e', 'Nzg1NGZhZjI2YzFlMjU2YjUyNjM2YWE1YTM5MTA4NzBkMDEzNmM0MTqAAn1xAVUEY2FydHECXXED\ncy4=\n', '2012-03-13 11:07:57'),
('afaabd57ad920a5e90b3303ce9ffc9b1', 'Nzg1NGZhZjI2YzFlMjU2YjUyNjM2YWE1YTM5MTA4NzBkMDEzNmM0MTqAAn1xAVUEY2FydHECXXED\ncy4=\n', '2012-03-09 18:15:01'),
('afc7328b809388d9a0fe7a668ad328de', 'OGM3N2FhMWMxMWIzNDUxY2E3ODczNTkzYWUyNWM2M2I1Y2YzNzViZjqAAn1xAShVCnRlc3Rjb29r\naWVxAlUGd29ya2VkcQNVBGNhcnRxBF1xBXUu\n', '2012-03-19 01:24:27'),
('afcd7a9c0a716666f5e0b4e12fbfb237', 'Nzg1NGZhZjI2YzFlMjU2YjUyNjM2YWE1YTM5MTA4NzBkMDEzNmM0MTqAAn1xAVUEY2FydHECXXED\ncy4=\n', '2012-03-08 23:09:27'),
('b0216bc98ba6ae8077b69b20717c5556', 'Nzg1NGZhZjI2YzFlMjU2YjUyNjM2YWE1YTM5MTA4NzBkMDEzNmM0MTqAAn1xAVUEY2FydHECXXED\ncy4=\n', '2012-03-08 16:19:32'),
('b0936272bb95b95fdfbe682a50aece7d', 'Nzg1NGZhZjI2YzFlMjU2YjUyNjM2YWE1YTM5MTA4NzBkMDEzNmM0MTqAAn1xAVUEY2FydHECXXED\ncy4=\n', '2012-03-13 11:07:53'),
('b0b682696d234956e16985f533f3624f', 'Nzg1NGZhZjI2YzFlMjU2YjUyNjM2YWE1YTM5MTA4NzBkMDEzNmM0MTqAAn1xAVUEY2FydHECXXED\ncy4=\n', '2012-03-20 10:21:20'),
('b0dd18c4f3eefe8c8e8ea5af5d6c445d', 'Nzg1NGZhZjI2YzFlMjU2YjUyNjM2YWE1YTM5MTA4NzBkMDEzNmM0MTqAAn1xAVUEY2FydHECXXED\ncy4=\n', '2012-03-09 18:46:20'),
('b1b3c2ca0b3295058b62c4a33696d28d', 'Nzg1NGZhZjI2YzFlMjU2YjUyNjM2YWE1YTM5MTA4NzBkMDEzNmM0MTqAAn1xAVUEY2FydHECXXED\ncy4=\n', '2012-03-25 17:48:27'),
('b239551a7fdd4f2a7b8103fd0fb704f6', 'Nzg1NGZhZjI2YzFlMjU2YjUyNjM2YWE1YTM5MTA4NzBkMDEzNmM0MTqAAn1xAVUEY2FydHECXXED\ncy4=\n', '2012-03-24 13:44:17'),
('b393b9dea4798ff3999404999197cc9b', 'Nzg1NGZhZjI2YzFlMjU2YjUyNjM2YWE1YTM5MTA4NzBkMDEzNmM0MTqAAn1xAVUEY2FydHECXXED\ncy4=\n', '2012-03-20 00:34:17'),
('b3bbf6712a6ade46b7df0c6a841dd0c6', 'Nzg1NGZhZjI2YzFlMjU2YjUyNjM2YWE1YTM5MTA4NzBkMDEzNmM0MTqAAn1xAVUEY2FydHECXXED\ncy4=\n', '2012-03-17 16:56:28'),
('b3bf992d245f326625012e6dd406dd56', 'YTg3NzkwNjBiODYxN2QzZDY5NjNkZmQwYzRiYTc0NDE0MzYwNGNlZTqAAn1xAVUEY2FydHECXXED\nfXEEKFUCaWRxBUsfVQRhdXRocQaJVQF0SwF1YXMu\n', '2012-03-20 03:28:47'),
('b3d288b4323c2e53a3baea4c84a603f5', 'Nzg1NGZhZjI2YzFlMjU2YjUyNjM2YWE1YTM5MTA4NzBkMDEzNmM0MTqAAn1xAVUEY2FydHECXXED\ncy4=\n', '2012-03-17 16:56:08'),
('b3d936551473a2804878c25ea03cf9a9', 'Nzg1NGZhZjI2YzFlMjU2YjUyNjM2YWE1YTM5MTA4NzBkMDEzNmM0MTqAAn1xAVUEY2FydHECXXED\ncy4=\n', '2012-03-10 13:35:23'),
('b424f89646a85c1a9da4d7be89b3bcf5', 'Nzg1NGZhZjI2YzFlMjU2YjUyNjM2YWE1YTM5MTA4NzBkMDEzNmM0MTqAAn1xAVUEY2FydHECXXED\ncy4=\n', '2012-03-19 01:24:36'),
('b48972ba8e3f85bbef4f380b328a4dd0', 'Nzg1NGZhZjI2YzFlMjU2YjUyNjM2YWE1YTM5MTA4NzBkMDEzNmM0MTqAAn1xAVUEY2FydHECXXED\ncy4=\n', '2012-03-21 09:54:00'),
('b49095bebf2f1022b336b2e2b2259113', 'Nzg1NGZhZjI2YzFlMjU2YjUyNjM2YWE1YTM5MTA4NzBkMDEzNmM0MTqAAn1xAVUEY2FydHECXXED\ncy4=\n', '2012-03-20 08:07:42'),
('b4d994a6c83dc4ae95bcb3eefc763620', 'Nzg1NGZhZjI2YzFlMjU2YjUyNjM2YWE1YTM5MTA4NzBkMDEzNmM0MTqAAn1xAVUEY2FydHECXXED\ncy4=\n', '2012-03-19 01:24:26'),
('b50970db33caf3a6f075b927f3cd5d97', 'Nzg1NGZhZjI2YzFlMjU2YjUyNjM2YWE1YTM5MTA4NzBkMDEzNmM0MTqAAn1xAVUEY2FydHECXXED\ncy4=\n', '2012-03-20 01:11:52'),
('b519e6f5627b0a8b0f607322e73a7708', 'Nzg1NGZhZjI2YzFlMjU2YjUyNjM2YWE1YTM5MTA4NzBkMDEzNmM0MTqAAn1xAVUEY2FydHECXXED\ncy4=\n', '2012-03-19 19:03:17'),
('b5666ee8905c9d84301cb613bb976445', 'Nzg1NGZhZjI2YzFlMjU2YjUyNjM2YWE1YTM5MTA4NzBkMDEzNmM0MTqAAn1xAVUEY2FydHECXXED\ncy4=\n', '2012-03-20 10:21:39'),
('b5e61221d73cd0372cc5e5e3eabf0a7f', 'Nzg1NGZhZjI2YzFlMjU2YjUyNjM2YWE1YTM5MTA4NzBkMDEzNmM0MTqAAn1xAVUEY2FydHECXXED\ncy4=\n', '2012-03-18 17:05:53'),
('b68395899f7a4b0a6d54e02b47ec359c', 'Nzg1NGZhZjI2YzFlMjU2YjUyNjM2YWE1YTM5MTA4NzBkMDEzNmM0MTqAAn1xAVUEY2FydHECXXED\ncy4=\n', '2012-03-16 15:35:40'),
('b693649d10e113fcf21f3795cf36d78e', 'Nzg1NGZhZjI2YzFlMjU2YjUyNjM2YWE1YTM5MTA4NzBkMDEzNmM0MTqAAn1xAVUEY2FydHECXXED\ncy4=\n', '2012-03-19 19:03:18'),
('b6e9bdcf951f3688ea2c72e9070d3ba4', 'Nzg1NGZhZjI2YzFlMjU2YjUyNjM2YWE1YTM5MTA4NzBkMDEzNmM0MTqAAn1xAVUEY2FydHECXXED\ncy4=\n', '2012-03-19 19:03:30'),
('b71b707336f6284acc0b7fe0a4b853d1', 'Nzg1NGZhZjI2YzFlMjU2YjUyNjM2YWE1YTM5MTA4NzBkMDEzNmM0MTqAAn1xAVUEY2FydHECXXED\ncy4=\n', '2012-03-24 14:32:10'),
('b760d721908840b67f7a90d5e9c2e31c', 'Nzg1NGZhZjI2YzFlMjU2YjUyNjM2YWE1YTM5MTA4NzBkMDEzNmM0MTqAAn1xAVUEY2FydHECXXED\ncy4=\n', '2012-03-13 11:07:49'),
('b7b4d98b4f59e71f27b11283923abe20', 'Nzg1NGZhZjI2YzFlMjU2YjUyNjM2YWE1YTM5MTA4NzBkMDEzNmM0MTqAAn1xAVUEY2FydHECXXED\ncy4=\n', '2012-03-20 12:16:28'),
('b85016bae1c4250132d524d94a0c823c', 'Nzg1NGZhZjI2YzFlMjU2YjUyNjM2YWE1YTM5MTA4NzBkMDEzNmM0MTqAAn1xAVUEY2FydHECXXED\ncy4=\n', '2012-03-19 12:00:51'),
('b8a579f572f510d008fa1b28eb350409', 'Nzg1NGZhZjI2YzFlMjU2YjUyNjM2YWE1YTM5MTA4NzBkMDEzNmM0MTqAAn1xAVUEY2FydHECXXED\ncy4=\n', '2012-03-12 21:40:41'),
('b8ce6277e51ea84d6509d38581b8a7e9', 'Nzg1NGZhZjI2YzFlMjU2YjUyNjM2YWE1YTM5MTA4NzBkMDEzNmM0MTqAAn1xAVUEY2FydHECXXED\ncy4=\n', '2012-03-26 10:07:01'),
('b9241234c85f2d3a9e2b2a352e4dbde7', 'Nzg1NGZhZjI2YzFlMjU2YjUyNjM2YWE1YTM5MTA4NzBkMDEzNmM0MTqAAn1xAVUEY2FydHECXXED\ncy4=\n', '2012-03-21 15:02:38'),
('b9c59a6999e5957bf9da3ffd03c08b2c', 'Nzg1NGZhZjI2YzFlMjU2YjUyNjM2YWE1YTM5MTA4NzBkMDEzNmM0MTqAAn1xAVUEY2FydHECXXED\ncy4=\n', '2012-03-13 01:42:03'),
('b9e6d47aa6a199e4c77a694346e124bb', 'Nzg1NGZhZjI2YzFlMjU2YjUyNjM2YWE1YTM5MTA4NzBkMDEzNmM0MTqAAn1xAVUEY2FydHECXXED\ncy4=\n', '2012-03-24 18:19:45'),
('ba03d2b4db0b58b60b67cb273e0183ef', 'Nzg1NGZhZjI2YzFlMjU2YjUyNjM2YWE1YTM5MTA4NzBkMDEzNmM0MTqAAn1xAVUEY2FydHECXXED\ncy4=\n', '2012-03-21 18:53:56'),
('ba4771f8696feaf0b665decbfb1f3067', 'Nzg1NGZhZjI2YzFlMjU2YjUyNjM2YWE1YTM5MTA4NzBkMDEzNmM0MTqAAn1xAVUEY2FydHECXXED\ncy4=\n', '2012-03-25 17:47:58'),
('baafe93e21d638d74c3c154b5e7182a3', 'Nzg1NGZhZjI2YzFlMjU2YjUyNjM2YWE1YTM5MTA4NzBkMDEzNmM0MTqAAn1xAVUEY2FydHECXXED\ncy4=\n', '2012-03-08 16:19:25'),
('bae707dbf3deaf78edcc85893d545c93', 'Nzg1NGZhZjI2YzFlMjU2YjUyNjM2YWE1YTM5MTA4NzBkMDEzNmM0MTqAAn1xAVUEY2FydHECXXED\ncy4=\n', '2012-03-17 16:56:06'),
('bb4c81a4a228122acb1e712e1b5836a9', 'Nzg1NGZhZjI2YzFlMjU2YjUyNjM2YWE1YTM5MTA4NzBkMDEzNmM0MTqAAn1xAVUEY2FydHECXXED\ncy4=\n', '2012-03-13 11:07:50'),
('bb8276a3b685023a01afaabd0070dade', 'Nzg1NGZhZjI2YzFlMjU2YjUyNjM2YWE1YTM5MTA4NzBkMDEzNmM0MTqAAn1xAVUEY2FydHECXXED\ncy4=\n', '2012-03-21 15:02:39'),
('bbf45e167fc3429a5509e63743917733', 'Nzg1NGZhZjI2YzFlMjU2YjUyNjM2YWE1YTM5MTA4NzBkMDEzNmM0MTqAAn1xAVUEY2FydHECXXED\ncy4=\n', '2012-03-19 01:23:50'),
('bbf839650c5999c1a6bc16003847b30c', 'Nzg1NGZhZjI2YzFlMjU2YjUyNjM2YWE1YTM5MTA4NzBkMDEzNmM0MTqAAn1xAVUEY2FydHECXXED\ncy4=\n', '2012-03-21 18:53:51'),
('bc0e673cacf3bfbb3d784ff5c8a9fc4c', 'Nzg1NGZhZjI2YzFlMjU2YjUyNjM2YWE1YTM5MTA4NzBkMDEzNmM0MTqAAn1xAVUEY2FydHECXXED\ncy4=\n', '2012-03-08 16:19:20'),
('bc7e2284a505d9e5b218eab868cd8089', 'Nzg1NGZhZjI2YzFlMjU2YjUyNjM2YWE1YTM5MTA4NzBkMDEzNmM0MTqAAn1xAVUEY2FydHECXXED\ncy4=\n', '2012-03-12 21:40:28'),
('bce6fec4d2f72cf1bbee0ada8c5fdc51', 'Nzg1NGZhZjI2YzFlMjU2YjUyNjM2YWE1YTM5MTA4NzBkMDEzNmM0MTqAAn1xAVUEY2FydHECXXED\ncy4=\n', '2012-03-23 13:55:10'),
('bd12bbe02443cc9f0606622f5e616933', 'Nzg1NGZhZjI2YzFlMjU2YjUyNjM2YWE1YTM5MTA4NzBkMDEzNmM0MTqAAn1xAVUEY2FydHECXXED\ncy4=\n', '2012-03-12 21:40:39'),
('bd5ca6087af541f7ad63e63d3308fff1', 'Nzg1NGZhZjI2YzFlMjU2YjUyNjM2YWE1YTM5MTA4NzBkMDEzNmM0MTqAAn1xAVUEY2FydHECXXED\ncy4=\n', '2012-03-25 17:48:17'),
('bd953dc10b737f51294f782c74c8d22f', 'Nzg1NGZhZjI2YzFlMjU2YjUyNjM2YWE1YTM5MTA4NzBkMDEzNmM0MTqAAn1xAVUEY2FydHECXXED\ncy4=\n', '2012-03-19 01:23:26'),
('bdd85feb7588051ced949c740e5374d8', 'Nzg1NGZhZjI2YzFlMjU2YjUyNjM2YWE1YTM5MTA4NzBkMDEzNmM0MTqAAn1xAVUEY2FydHECXXED\ncy4=\n', '2012-03-20 00:50:36'),
('bdf8316ce227fb852076a04321b0fc23', 'Nzg1NGZhZjI2YzFlMjU2YjUyNjM2YWE1YTM5MTA4NzBkMDEzNmM0MTqAAn1xAVUEY2FydHECXXED\ncy4=\n', '2012-03-15 23:11:56'),
('be0a453faf544b4e6693137bccee2e43', 'Nzg1NGZhZjI2YzFlMjU2YjUyNjM2YWE1YTM5MTA4NzBkMDEzNmM0MTqAAn1xAVUEY2FydHECXXED\ncy4=\n', '2012-03-19 08:23:34'),
('be0abfe346579bd2acaa1bb0d31ad1e5', 'Nzg1NGZhZjI2YzFlMjU2YjUyNjM2YWE1YTM5MTA4NzBkMDEzNmM0MTqAAn1xAVUEY2FydHECXXED\ncy4=\n', '2012-03-21 09:42:47'),
('be28ce6015e245fcd85ab45977dfec58', 'Nzg1NGZhZjI2YzFlMjU2YjUyNjM2YWE1YTM5MTA4NzBkMDEzNmM0MTqAAn1xAVUEY2FydHECXXED\ncy4=\n', '2012-03-12 08:18:24'),
('be8008502697078a2df04776b40d79bb', 'Nzg1NGZhZjI2YzFlMjU2YjUyNjM2YWE1YTM5MTA4NzBkMDEzNmM0MTqAAn1xAVUEY2FydHECXXED\ncy4=\n', '2012-03-21 18:53:58'),
('bf1365a3e87c68c1a5ecc8e5547914ce', 'Nzg1NGZhZjI2YzFlMjU2YjUyNjM2YWE1YTM5MTA4NzBkMDEzNmM0MTqAAn1xAVUEY2FydHECXXED\ncy4=\n', '2012-03-19 01:24:29'),
('bfb29b72656ae647e2bdec8e0d52e6fe', 'ZjA3OTA5ZmNjZTI2OWNmMzYxZTNlN2E2OGM5ZWJmNTZmNzIzNDYyYjqAAn1xAVUEY2FydHECXXED\nfXEEKFUCaWRxBUsFVQRhdXRocQaJVQF0SwJ1YXMu\n', '2012-03-19 20:52:44'),
('bff912f1b6742be57c6392385fd41a0b', 'Nzg1NGZhZjI2YzFlMjU2YjUyNjM2YWE1YTM5MTA4NzBkMDEzNmM0MTqAAn1xAVUEY2FydHECXXED\ncy4=\n', '2012-03-17 16:56:13'),
('c091fd3d8456edded5fe14a0a18a4d3c', 'Nzg1NGZhZjI2YzFlMjU2YjUyNjM2YWE1YTM5MTA4NzBkMDEzNmM0MTqAAn1xAVUEY2FydHECXXED\ncy4=\n', '2012-03-12 00:07:10'),
('c0bd0688ab2440df8689afadd6875209', 'Nzg1NGZhZjI2YzFlMjU2YjUyNjM2YWE1YTM5MTA4NzBkMDEzNmM0MTqAAn1xAVUEY2FydHECXXED\ncy4=\n', '2012-03-20 00:27:42'),
('c1135ee361b0e27f52e8c210928f7cd8', 'Nzg1NGZhZjI2YzFlMjU2YjUyNjM2YWE1YTM5MTA4NzBkMDEzNmM0MTqAAn1xAVUEY2FydHECXXED\ncy4=\n', '2012-03-25 17:48:05'),
('c1551f3397838d4a03cba6061ae5318e', 'Nzg1NGZhZjI2YzFlMjU2YjUyNjM2YWE1YTM5MTA4NzBkMDEzNmM0MTqAAn1xAVUEY2FydHECXXED\ncy4=\n', '2012-03-25 17:48:10'),
('c18fbf235c873830a73d8aa936832829', 'Nzg1NGZhZjI2YzFlMjU2YjUyNjM2YWE1YTM5MTA4NzBkMDEzNmM0MTqAAn1xAVUEY2FydHECXXED\ncy4=\n', '2012-03-17 15:29:59'),
('c1a088c8dd2b69f742990e186520fd58', 'Nzg1NGZhZjI2YzFlMjU2YjUyNjM2YWE1YTM5MTA4NzBkMDEzNmM0MTqAAn1xAVUEY2FydHECXXED\ncy4=\n', '2012-03-17 13:16:32'),
('c1adf4e1e2894015255fa3279d73bbe4', 'Nzg1NGZhZjI2YzFlMjU2YjUyNjM2YWE1YTM5MTA4NzBkMDEzNmM0MTqAAn1xAVUEY2FydHECXXED\ncy4=\n', '2012-03-19 01:24:48'),
('c1ea7c359c26688fd58d909d14432b2a', 'Nzg1NGZhZjI2YzFlMjU2YjUyNjM2YWE1YTM5MTA4NzBkMDEzNmM0MTqAAn1xAVUEY2FydHECXXED\ncy4=\n', '2012-03-13 01:42:07'),
('c1eb7b2dde860e9f153b7bab8f30686f', 'Nzg1NGZhZjI2YzFlMjU2YjUyNjM2YWE1YTM5MTA4NzBkMDEzNmM0MTqAAn1xAVUEY2FydHECXXED\ncy4=\n', '2012-03-08 16:19:59'),
('c295f433ed343987e388b4e4eacb2f98', 'Nzg1NGZhZjI2YzFlMjU2YjUyNjM2YWE1YTM5MTA4NzBkMDEzNmM0MTqAAn1xAVUEY2FydHECXXED\ncy4=\n', '2012-03-13 01:42:03'),
('c2f5b2172470cb93a60b7a33676fa19c', 'Nzg1NGZhZjI2YzFlMjU2YjUyNjM2YWE1YTM5MTA4NzBkMDEzNmM0MTqAAn1xAVUEY2FydHECXXED\ncy4=\n', '2012-03-21 10:09:28'),
('c2fe41be283e004db41e62ccf8fe4f9b', 'Nzg1NGZhZjI2YzFlMjU2YjUyNjM2YWE1YTM5MTA4NzBkMDEzNmM0MTqAAn1xAVUEY2FydHECXXED\ncy4=\n', '2012-03-19 01:23:45'),
('c337a5fded96fa959a0cc469528d06f6', 'Nzg1NGZhZjI2YzFlMjU2YjUyNjM2YWE1YTM5MTA4NzBkMDEzNmM0MTqAAn1xAVUEY2FydHECXXED\ncy4=\n', '2012-03-19 08:23:29'),
('c40f11065ec0093b6d9d4fd033e294e2', 'Nzg1NGZhZjI2YzFlMjU2YjUyNjM2YWE1YTM5MTA4NzBkMDEzNmM0MTqAAn1xAVUEY2FydHECXXED\ncy4=\n', '2012-03-19 08:23:44'),
('c477084f286cb124bef74d9297d43e9c', 'Nzg1NGZhZjI2YzFlMjU2YjUyNjM2YWE1YTM5MTA4NzBkMDEzNmM0MTqAAn1xAVUEY2FydHECXXED\ncy4=\n', '2012-03-19 01:24:43'),
('c4b7315883161ef1eaa9c45f582b8d0c', 'MDFkZjE0ZDQ2MzhmY2YwYmU2M2ZjNTY4MjA5NGI4ZDU5NzhiZGVkOTqAAn1xAVUEY2FydHECXXED\nKH1xBChVBm9wdF9pZHEFWCAAAAA5MThkNzJjM2FkMDQzODM1OGQ1MjUyYmM5NGFkNDI5OXEGVQNy\nZWdxB4hVB3R5cGVfaWRxCEsBdX1xCShVBm9wdF9pZHEKWCAAAAA3MTEzYzRhNDgyMGIzZmIyNjZm\nMGQwNjExNzAzYjc3M3ELVQNyZWdxDIhVB3R5cGVfaWRxDUsCdX1xDihVBm9wdF9pZHEPSwFVA3Jl\nZ3EQiFUHdHlwZV9pZHERSwN1fXESKFUGb3B0X2lkcRNYIAAAADYwZjViYTVmODE3YWY2NmE5YWNm\nYWJkNDE1NzhmNTU0cRRVA3JlZ3EViFUHdHlwZV9pZHEWSwF1fXEXKFUGb3B0X2lkcRhYIAAAADEy\nMjNjNTM3YjdkYzI1MmQ3YzAyM2JlODQzMGJhODUzcRlVA3JlZ3EaiFUHdHlwZV9pZHEbSwF1fXEc\nKFUGb3B0X2lkcR1YIAAAADE3ZTdmMjY2OTUzYmQ3MTlmOTQyZDFjMThjNjRlOTlkcR5VA3JlZ3Ef\niFUHdHlwZV9pZHEgSwF1fXEhKFUGb3B0X2lkcSJLAVUDcmVncSOJVQd0eXBlX2lkcSRLA3V9cSUo\nVQZvcHRfaWRxJlggAAAANmE1MDdjMGVlODI1ZTZmZTU3ZTJmNTE5YmU4ZDMyYWFxJ1UDcmVncSiJ\nVQd0eXBlX2lkcSlLAXV9cSooVQZvcHRfaWRxK1ggAAAAY2IzOGEzZWY1NzdiYzljZTc4MTFiN2Zm\nYThiMjc0NTlxLFUDcmVncS2JVQd0eXBlX2lkcS5LAnVlcy4=\n', '2012-02-19 09:38:05'),
('c4bf4d501208433f6e5f6bf072048248', 'Nzg1NGZhZjI2YzFlMjU2YjUyNjM2YWE1YTM5MTA4NzBkMDEzNmM0MTqAAn1xAVUEY2FydHECXXED\ncy4=\n', '2012-03-20 10:21:29'),
('c4c57a2c812ad6e2ad6b15ed0cea0016', 'Nzg1NGZhZjI2YzFlMjU2YjUyNjM2YWE1YTM5MTA4NzBkMDEzNmM0MTqAAn1xAVUEY2FydHECXXED\ncy4=\n', '2012-03-19 01:24:25'),
('c4d241ea7aa13ac1dfbadba738abb7bc', 'Nzg1NGZhZjI2YzFlMjU2YjUyNjM2YWE1YTM5MTA4NzBkMDEzNmM0MTqAAn1xAVUEY2FydHECXXED\ncy4=\n', '2012-03-12 21:40:31'),
('c52b589cff7d1cd55fa404ee3706367c', 'Nzg1NGZhZjI2YzFlMjU2YjUyNjM2YWE1YTM5MTA4NzBkMDEzNmM0MTqAAn1xAVUEY2FydHECXXED\ncy4=\n', '2012-03-12 21:40:32'),
('c52b7e049c2566cd553e36502d409de8', 'Nzg1NGZhZjI2YzFlMjU2YjUyNjM2YWE1YTM5MTA4NzBkMDEzNmM0MTqAAn1xAVUEY2FydHECXXED\ncy4=\n', '2012-03-19 01:23:41'),
('c531bc1ec68cc135f453ea62e8eb41c0', 'Nzg1NGZhZjI2YzFlMjU2YjUyNjM2YWE1YTM5MTA4NzBkMDEzNmM0MTqAAn1xAVUEY2FydHECXXED\ncy4=\n', '2012-03-12 08:18:25'),
('c59ba8a569bb3bc2dac030f9be8e3b02', 'Nzg1NGZhZjI2YzFlMjU2YjUyNjM2YWE1YTM5MTA4NzBkMDEzNmM0MTqAAn1xAVUEY2FydHECXXED\ncy4=\n', '2012-03-19 01:23:47'),
('c5b7502ef9b9771603bc9cdf2609c6b6', 'Nzg1NGZhZjI2YzFlMjU2YjUyNjM2YWE1YTM5MTA4NzBkMDEzNmM0MTqAAn1xAVUEY2FydHECXXED\ncy4=\n', '2012-03-08 16:19:41'),
('c5e2069fa7d28adb5b4fff981e8010bb', 'Nzg1NGZhZjI2YzFlMjU2YjUyNjM2YWE1YTM5MTA4NzBkMDEzNmM0MTqAAn1xAVUEY2FydHECXXED\ncy4=\n', '2012-03-19 08:04:11'),
('c6197dd6b3bce14b70abcdc785cefb82', 'Nzg1NGZhZjI2YzFlMjU2YjUyNjM2YWE1YTM5MTA4NzBkMDEzNmM0MTqAAn1xAVUEY2FydHECXXED\ncy4=\n', '2012-03-21 14:29:51'),
('c663a9c91c9be524c6dcae1fb1a81898', 'Nzg1NGZhZjI2YzFlMjU2YjUyNjM2YWE1YTM5MTA4NzBkMDEzNmM0MTqAAn1xAVUEY2FydHECXXED\ncy4=\n', '2012-03-24 09:59:08'),
('c6c42db8a95b92f33bc130f484bd9185', 'Nzg1NGZhZjI2YzFlMjU2YjUyNjM2YWE1YTM5MTA4NzBkMDEzNmM0MTqAAn1xAVUEY2FydHECXXED\ncy4=\n', '2012-03-21 08:06:57'),
('c73cbb937ac9b55851a399dc52fad17d', 'Nzg1NGZhZjI2YzFlMjU2YjUyNjM2YWE1YTM5MTA4NzBkMDEzNmM0MTqAAn1xAVUEY2FydHECXXED\ncy4=\n', '2012-03-21 18:54:01'),
('c793dc525091b4c5b8497915f30003e0', 'Nzg1NGZhZjI2YzFlMjU2YjUyNjM2YWE1YTM5MTA4NzBkMDEzNmM0MTqAAn1xAVUEY2FydHECXXED\ncy4=\n', '2012-03-19 19:03:16'),
('c81f93936384fdcea2ad027aaf729f3b', 'Nzg1NGZhZjI2YzFlMjU2YjUyNjM2YWE1YTM5MTA4NzBkMDEzNmM0MTqAAn1xAVUEY2FydHECXXED\ncy4=\n', '2012-03-21 10:42:42'),
('c83a205ca5c0f81b494a4cef9f108b61', 'Nzg1NGZhZjI2YzFlMjU2YjUyNjM2YWE1YTM5MTA4NzBkMDEzNmM0MTqAAn1xAVUEY2FydHECXXED\ncy4=\n', '2012-03-20 02:38:52'),
('c883fb6fa8b7d730a900015feec763a4', 'Nzg1NGZhZjI2YzFlMjU2YjUyNjM2YWE1YTM5MTA4NzBkMDEzNmM0MTqAAn1xAVUEY2FydHECXXED\ncy4=\n', '2012-03-13 11:07:53'),
('c907492939f0142f9bde148d88826fe5', 'Nzg1NGZhZjI2YzFlMjU2YjUyNjM2YWE1YTM5MTA4NzBkMDEzNmM0MTqAAn1xAVUEY2FydHECXXED\ncy4=\n', '2012-03-17 16:56:14'),
('c9217e0786cd50146f34b491549daf53', 'Nzg1NGZhZjI2YzFlMjU2YjUyNjM2YWE1YTM5MTA4NzBkMDEzNmM0MTqAAn1xAVUEY2FydHECXXED\ncy4=\n', '2012-03-09 18:14:40'),
('c92a94507f62857ca5aaa132b8edeac4', 'Nzg1NGZhZjI2YzFlMjU2YjUyNjM2YWE1YTM5MTA4NzBkMDEzNmM0MTqAAn1xAVUEY2FydHECXXED\ncy4=\n', '2012-03-18 10:24:16'),
('c932df209371c3aa27896a808d54bf5a', 'Nzg1NGZhZjI2YzFlMjU2YjUyNjM2YWE1YTM5MTA4NzBkMDEzNmM0MTqAAn1xAVUEY2FydHECXXED\ncy4=\n', '2012-03-24 15:13:01'),
('c96e3cb3ad2a7f890cdf545048eb135a', 'Nzg1NGZhZjI2YzFlMjU2YjUyNjM2YWE1YTM5MTA4NzBkMDEzNmM0MTqAAn1xAVUEY2FydHECXXED\ncy4=\n', '2012-03-16 22:09:16'),
('c9d637b076c51ee24adbf31b870dc90b', 'Nzg1NGZhZjI2YzFlMjU2YjUyNjM2YWE1YTM5MTA4NzBkMDEzNmM0MTqAAn1xAVUEY2FydHECXXED\ncy4=\n', '2012-03-21 08:06:57'),
('c9ecd22b0d3b36ee1dcdf7c3d4db0d7c', 'Nzg1NGZhZjI2YzFlMjU2YjUyNjM2YWE1YTM5MTA4NzBkMDEzNmM0MTqAAn1xAVUEY2FydHECXXED\ncy4=\n', '2012-03-20 00:43:56'),
('c9fb074d1657b8bdfef54fb9d7a68d87', 'Nzg1NGZhZjI2YzFlMjU2YjUyNjM2YWE1YTM5MTA4NzBkMDEzNmM0MTqAAn1xAVUEY2FydHECXXED\ncy4=\n', '2012-03-09 18:14:59'),
('ca4a613eb4cd96e504118d655b376666', 'Nzg1NGZhZjI2YzFlMjU2YjUyNjM2YWE1YTM5MTA4NzBkMDEzNmM0MTqAAn1xAVUEY2FydHECXXED\ncy4=\n', '2012-03-25 14:44:43'),
('ca4e0447462663711a81101251dfe684', 'Nzg1NGZhZjI2YzFlMjU2YjUyNjM2YWE1YTM5MTA4NzBkMDEzNmM0MTqAAn1xAVUEY2FydHECXXED\ncy4=\n', '2012-03-14 17:18:02'),
('caa272474246958df471a65765da4e72', 'Nzg1NGZhZjI2YzFlMjU2YjUyNjM2YWE1YTM5MTA4NzBkMDEzNmM0MTqAAn1xAVUEY2FydHECXXED\ncy4=\n', '2012-03-12 08:18:17'),
('cb5cae9cc2c6a634adb39ec1d150fc56', 'Nzg1NGZhZjI2YzFlMjU2YjUyNjM2YWE1YTM5MTA4NzBkMDEzNmM0MTqAAn1xAVUEY2FydHECXXED\ncy4=\n', '2012-03-20 01:16:29'),
('cbae642bc711d4f89a09d27d34585fba', 'Nzg1NGZhZjI2YzFlMjU2YjUyNjM2YWE1YTM5MTA4NzBkMDEzNmM0MTqAAn1xAVUEY2FydHECXXED\ncy4=\n', '2012-03-19 01:23:34'),
('cbefa833f6739be5e2aa16dca4b5ddee', 'OGM3N2FhMWMxMWIzNDUxY2E3ODczNTkzYWUyNWM2M2I1Y2YzNzViZjqAAn1xAShVCnRlc3Rjb29r\naWVxAlUGd29ya2VkcQNVBGNhcnRxBF1xBXUu\n', '2012-03-19 01:24:28'),
('cc02b2a51cf0c29ef9ac03af6cbc9063', 'Nzg1NGZhZjI2YzFlMjU2YjUyNjM2YWE1YTM5MTA4NzBkMDEzNmM0MTqAAn1xAVUEY2FydHECXXED\ncy4=\n', '2012-03-12 21:40:35'),
('cc28a735d42e48ca9ae75dfe8708151a', 'Nzg1NGZhZjI2YzFlMjU2YjUyNjM2YWE1YTM5MTA4NzBkMDEzNmM0MTqAAn1xAVUEY2FydHECXXED\ncy4=\n', '2012-03-25 19:49:10'),
('cc7372611e6b9aa81fbcc0036d07668f', 'Nzg1NGZhZjI2YzFlMjU2YjUyNjM2YWE1YTM5MTA4NzBkMDEzNmM0MTqAAn1xAVUEY2FydHECXXED\ncy4=\n', '2012-03-12 08:18:25'),
('cd551a5d9cf45fbc6764bf9b4176fa01', 'Nzg1NGZhZjI2YzFlMjU2YjUyNjM2YWE1YTM5MTA4NzBkMDEzNmM0MTqAAn1xAVUEY2FydHECXXED\ncy4=\n', '2012-03-22 10:36:02'),
('cd62af5387de1182978bc8f2ea9c2c3f', 'Nzg1NGZhZjI2YzFlMjU2YjUyNjM2YWE1YTM5MTA4NzBkMDEzNmM0MTqAAn1xAVUEY2FydHECXXED\ncy4=\n', '2012-03-19 01:24:45'),
('cdb5905e43a9b7ae4fb38e4fdf66aa71', 'Nzg1NGZhZjI2YzFlMjU2YjUyNjM2YWE1YTM5MTA4NzBkMDEzNmM0MTqAAn1xAVUEY2FydHECXXED\ncy4=\n', '2012-03-24 23:49:03'),
('ce129a0036cb04ac148a993ef566696f', 'Nzg1NGZhZjI2YzFlMjU2YjUyNjM2YWE1YTM5MTA4NzBkMDEzNmM0MTqAAn1xAVUEY2FydHECXXED\ncy4=\n', '2012-03-19 01:23:54'),
('ce181435b5765547f023502b85989ef1', 'Nzg1NGZhZjI2YzFlMjU2YjUyNjM2YWE1YTM5MTA4NzBkMDEzNmM0MTqAAn1xAVUEY2FydHECXXED\ncy4=\n', '2012-03-09 18:14:43'),
('ce229f71a7d72bb29a3d1470da9f6bd5', 'Nzg1NGZhZjI2YzFlMjU2YjUyNjM2YWE1YTM5MTA4NzBkMDEzNmM0MTqAAn1xAVUEY2FydHECXXED\ncy4=\n', '2012-03-20 13:28:38'),
('ce8d4fc5ce680249f621919251de1bc9', 'Nzg1NGZhZjI2YzFlMjU2YjUyNjM2YWE1YTM5MTA4NzBkMDEzNmM0MTqAAn1xAVUEY2FydHECXXED\ncy4=\n', '2012-03-09 18:46:20'),
('cf3ce2249826ffdbf0803e2a3bef2e62', 'Nzg1NGZhZjI2YzFlMjU2YjUyNjM2YWE1YTM5MTA4NzBkMDEzNmM0MTqAAn1xAVUEY2FydHECXXED\ncy4=\n', '2012-03-21 05:54:48'),
('cf5e41deebd3d8606ead637706cbd8f3', 'Nzg1NGZhZjI2YzFlMjU2YjUyNjM2YWE1YTM5MTA4NzBkMDEzNmM0MTqAAn1xAVUEY2FydHECXXED\ncy4=\n', '2012-03-18 17:05:50'),
('cf609d39ecfd99b0bac5cd724b6401a0', 'Nzg1NGZhZjI2YzFlMjU2YjUyNjM2YWE1YTM5MTA4NzBkMDEzNmM0MTqAAn1xAVUEY2FydHECXXED\ncy4=\n', '2012-03-21 09:33:54'),
('cf79b46af0ff53aa85989ba65873bc3e', 'Nzg1NGZhZjI2YzFlMjU2YjUyNjM2YWE1YTM5MTA4NzBkMDEzNmM0MTqAAn1xAVUEY2FydHECXXED\ncy4=\n', '2012-03-15 10:36:58'),
('d0787396c98c3b19ae7afa4cef5db7b5', 'Nzg1NGZhZjI2YzFlMjU2YjUyNjM2YWE1YTM5MTA4NzBkMDEzNmM0MTqAAn1xAVUEY2FydHECXXED\ncy4=\n', '2012-03-21 11:00:08'),
('d078f4d6f76dcda7c6d4d9a5ca021897', 'Nzg1NGZhZjI2YzFlMjU2YjUyNjM2YWE1YTM5MTA4NzBkMDEzNmM0MTqAAn1xAVUEY2FydHECXXED\ncy4=\n', '2012-03-13 01:42:08'),
('d12b0dce27ed285247105584202efec8', 'Nzg1NGZhZjI2YzFlMjU2YjUyNjM2YWE1YTM5MTA4NzBkMDEzNmM0MTqAAn1xAVUEY2FydHECXXED\ncy4=\n', '2012-03-13 11:07:56'),
('d138ca1330ebb56317faa9a15122bc2f', 'Nzg1NGZhZjI2YzFlMjU2YjUyNjM2YWE1YTM5MTA4NzBkMDEzNmM0MTqAAn1xAVUEY2FydHECXXED\ncy4=\n', '2012-03-25 12:22:20'),
('d1adb489cd227f1c9e593fcb2edd0f9e', 'Nzg1NGZhZjI2YzFlMjU2YjUyNjM2YWE1YTM5MTA4NzBkMDEzNmM0MTqAAn1xAVUEY2FydHECXXED\ncy4=\n', '2012-03-19 01:24:38'),
('d1b03f768284e0bf5cc59ebce9c1d4fa', 'Nzg1NGZhZjI2YzFlMjU2YjUyNjM2YWE1YTM5MTA4NzBkMDEzNmM0MTqAAn1xAVUEY2FydHECXXED\ncy4=\n', '2012-03-19 01:24:50'),
('d1c340343749b344f23b65e96e7b0336', 'Nzg1NGZhZjI2YzFlMjU2YjUyNjM2YWE1YTM5MTA4NzBkMDEzNmM0MTqAAn1xAVUEY2FydHECXXED\ncy4=\n', '2012-03-19 01:24:31'),
('d1c36a851092f729b8603d825d93cfb4', 'OGM3N2FhMWMxMWIzNDUxY2E3ODczNTkzYWUyNWM2M2I1Y2YzNzViZjqAAn1xAShVCnRlc3Rjb29r\naWVxAlUGd29ya2VkcQNVBGNhcnRxBF1xBXUu\n', '2012-03-19 01:23:30'),
('d1f52cfe7178bbb642d1b07e4aa2179e', 'Nzg1NGZhZjI2YzFlMjU2YjUyNjM2YWE1YTM5MTA4NzBkMDEzNmM0MTqAAn1xAVUEY2FydHECXXED\ncy4=\n', '2012-03-14 17:18:27'),
('d2bf00b5d53ddea10e9968ada80380e2', 'Nzg1NGZhZjI2YzFlMjU2YjUyNjM2YWE1YTM5MTA4NzBkMDEzNmM0MTqAAn1xAVUEY2FydHECXXED\ncy4=\n', '2012-03-20 03:40:39'),
('d2e08a1155e4878e437d212ec04ce406', 'Nzg1NGZhZjI2YzFlMjU2YjUyNjM2YWE1YTM5MTA4NzBkMDEzNmM0MTqAAn1xAVUEY2FydHECXXED\ncy4=\n', '2012-03-19 01:23:40'),
('d3033f67dda3c532df8ebe56852c0082', 'Nzg1NGZhZjI2YzFlMjU2YjUyNjM2YWE1YTM5MTA4NzBkMDEzNmM0MTqAAn1xAVUEY2FydHECXXED\ncy4=\n', '2012-03-20 10:21:23'),
('d308560154beff878f4cdcbd2cef5bd5', 'Nzg1NGZhZjI2YzFlMjU2YjUyNjM2YWE1YTM5MTA4NzBkMDEzNmM0MTqAAn1xAVUEY2FydHECXXED\ncy4=\n', '2012-03-19 19:03:28'),
('d3289b2726b62faa50da8d79c426b7d9', 'Nzg1NGZhZjI2YzFlMjU2YjUyNjM2YWE1YTM5MTA4NzBkMDEzNmM0MTqAAn1xAVUEY2FydHECXXED\ncy4=\n', '2012-03-25 10:35:20'),
('d37854db04928294a5653f9d83f7c6fd', 'Nzg1NGZhZjI2YzFlMjU2YjUyNjM2YWE1YTM5MTA4NzBkMDEzNmM0MTqAAn1xAVUEY2FydHECXXED\ncy4=\n', '2012-03-21 10:15:51'),
('d3c739b4453603e4db7c8541ff5c667c', 'Nzg1NGZhZjI2YzFlMjU2YjUyNjM2YWE1YTM5MTA4NzBkMDEzNmM0MTqAAn1xAVUEY2FydHECXXED\ncy4=\n', '2012-03-20 00:40:31'),
('d3ea74494927634dacb768c056e14e6d', 'Nzg1NGZhZjI2YzFlMjU2YjUyNjM2YWE1YTM5MTA4NzBkMDEzNmM0MTqAAn1xAVUEY2FydHECXXED\ncy4=\n', '2012-03-21 10:24:47'),
('d4273564116074bf77c42251281190e6', 'Nzg1NGZhZjI2YzFlMjU2YjUyNjM2YWE1YTM5MTA4NzBkMDEzNmM0MTqAAn1xAVUEY2FydHECXXED\ncy4=\n', '2012-03-19 19:03:26'),
('d42f49306dfb0951e080fa4a1e4a7897', 'Nzg1NGZhZjI2YzFlMjU2YjUyNjM2YWE1YTM5MTA4NzBkMDEzNmM0MTqAAn1xAVUEY2FydHECXXED\ncy4=\n', '2012-03-17 16:56:20'),
('d5309b131c9fa639fde10fa01c53ed1d', 'Nzg1NGZhZjI2YzFlMjU2YjUyNjM2YWE1YTM5MTA4NzBkMDEzNmM0MTqAAn1xAVUEY2FydHECXXED\ncy4=\n', '2012-03-15 23:11:59'),
('d5363864431b00355dd5093c0e84e2da', 'Nzg1NGZhZjI2YzFlMjU2YjUyNjM2YWE1YTM5MTA4NzBkMDEzNmM0MTqAAn1xAVUEY2FydHECXXED\ncy4=\n', '2012-03-13 01:42:07'),
('d564b6d2bbe35fa19aff4944ff8e117a', 'Nzg1NGZhZjI2YzFlMjU2YjUyNjM2YWE1YTM5MTA4NzBkMDEzNmM0MTqAAn1xAVUEY2FydHECXXED\ncy4=\n', '2012-03-12 08:18:21'),
('d5bae4c86039715b1241a6c63465ac18', 'Nzg1NGZhZjI2YzFlMjU2YjUyNjM2YWE1YTM5MTA4NzBkMDEzNmM0MTqAAn1xAVUEY2FydHECXXED\ncy4=\n', '2012-03-08 16:20:00'),
('d5d1b27d5ee25835fd63b8e0205d9555', 'Nzg1NGZhZjI2YzFlMjU2YjUyNjM2YWE1YTM5MTA4NzBkMDEzNmM0MTqAAn1xAVUEY2FydHECXXED\ncy4=\n', '2012-03-20 10:21:31'),
('d64a1a187f474dbbeaec7ec30e5a1f6e', 'Nzg1NGZhZjI2YzFlMjU2YjUyNjM2YWE1YTM5MTA4NzBkMDEzNmM0MTqAAn1xAVUEY2FydHECXXED\ncy4=\n', '2012-03-10 02:47:24'),
('d6a2e4aca20d30e8bde29cef7ad0417d', 'Nzg1NGZhZjI2YzFlMjU2YjUyNjM2YWE1YTM5MTA4NzBkMDEzNmM0MTqAAn1xAVUEY2FydHECXXED\ncy4=\n', '2012-03-20 03:17:02'),
('d6a7bf9b3ec657d22403a3a2ed43765c', 'Nzg1NGZhZjI2YzFlMjU2YjUyNjM2YWE1YTM5MTA4NzBkMDEzNmM0MTqAAn1xAVUEY2FydHECXXED\ncy4=\n', '2012-03-21 18:54:02'),
('d785d46d8ae1dc2d7510ec6a618f5186', 'Nzg1NGZhZjI2YzFlMjU2YjUyNjM2YWE1YTM5MTA4NzBkMDEzNmM0MTqAAn1xAVUEY2FydHECXXED\ncy4=\n', '2012-03-10 13:35:17'),
('d7947d370100f489f67c37f9855a717d', 'Nzg1NGZhZjI2YzFlMjU2YjUyNjM2YWE1YTM5MTA4NzBkMDEzNmM0MTqAAn1xAVUEY2FydHECXXED\ncy4=\n', '2012-03-10 13:35:24'),
('d7c3a9bd7fecca8d7e7de0f4092c9c63', 'Nzg1NGZhZjI2YzFlMjU2YjUyNjM2YWE1YTM5MTA4NzBkMDEzNmM0MTqAAn1xAVUEY2FydHECXXED\ncy4=\n', '2012-03-13 01:41:59'),
('d8264f69765907de84fb4f7e5348c8da', 'Nzg1NGZhZjI2YzFlMjU2YjUyNjM2YWE1YTM5MTA4NzBkMDEzNmM0MTqAAn1xAVUEY2FydHECXXED\ncy4=\n', '2012-03-24 17:47:42'),
('d8f3ca574bbe37f1d47a530a6cb34647', 'Nzg1NGZhZjI2YzFlMjU2YjUyNjM2YWE1YTM5MTA4NzBkMDEzNmM0MTqAAn1xAVUEY2FydHECXXED\ncy4=\n', '2012-03-10 13:35:28'),
('d9401193ef22b49abdcefaecc973a580', 'Nzg1NGZhZjI2YzFlMjU2YjUyNjM2YWE1YTM5MTA4NzBkMDEzNmM0MTqAAn1xAVUEY2FydHECXXED\ncy4=\n', '2012-03-19 08:23:24'),
('d9540c3f5130ac4c913bc4fb64a64201', 'Nzg1NGZhZjI2YzFlMjU2YjUyNjM2YWE1YTM5MTA4NzBkMDEzNmM0MTqAAn1xAVUEY2FydHECXXED\ncy4=\n', '2012-03-14 23:05:39'),
('d9789641a582b0d8999f305a29cf4010', 'Nzg1NGZhZjI2YzFlMjU2YjUyNjM2YWE1YTM5MTA4NzBkMDEzNmM0MTqAAn1xAVUEY2FydHECXXED\ncy4=\n', '2012-03-14 11:05:38'),
('d9891cba447655b1ca3b89d3aacb8e10', 'Nzg1NGZhZjI2YzFlMjU2YjUyNjM2YWE1YTM5MTA4NzBkMDEzNmM0MTqAAn1xAVUEY2FydHECXXED\ncy4=\n', '2012-03-19 01:23:44'),
('d991707d3669d3f1d3b3234ab9fc26ef', 'Nzg1NGZhZjI2YzFlMjU2YjUyNjM2YWE1YTM5MTA4NzBkMDEzNmM0MTqAAn1xAVUEY2FydHECXXED\ncy4=\n', '2012-03-17 16:56:20'),
('d9ee209e22eff122e2d1fd830c8e8ffe', 'Nzg1NGZhZjI2YzFlMjU2YjUyNjM2YWE1YTM5MTA4NzBkMDEzNmM0MTqAAn1xAVUEY2FydHECXXED\ncy4=\n', '2012-03-08 16:19:30'),
('da23d208837ca772eb318e0bd5065c6c', 'Nzg1NGZhZjI2YzFlMjU2YjUyNjM2YWE1YTM5MTA4NzBkMDEzNmM0MTqAAn1xAVUEY2FydHECXXED\ncy4=\n', '2012-03-20 01:01:08'),
('dae5a94ce58eb120d191244c34c29c66', 'Nzg1NGZhZjI2YzFlMjU2YjUyNjM2YWE1YTM5MTA4NzBkMDEzNmM0MTqAAn1xAVUEY2FydHECXXED\ncy4=\n', '2012-03-12 21:40:37'),
('db5a3e77392b5304d28f7fba44195c89', 'Nzg1NGZhZjI2YzFlMjU2YjUyNjM2YWE1YTM5MTA4NzBkMDEzNmM0MTqAAn1xAVUEY2FydHECXXED\ncy4=\n', '2012-03-08 16:19:37'),
('db8ee04a1773d2961f36f97b6824eedd', 'Nzg1NGZhZjI2YzFlMjU2YjUyNjM2YWE1YTM5MTA4NzBkMDEzNmM0MTqAAn1xAVUEY2FydHECXXED\ncy4=\n', '2012-03-20 08:55:48'),
('dbbab1c66d8df07e0a8909b3f49850eb', 'Nzg1NGZhZjI2YzFlMjU2YjUyNjM2YWE1YTM5MTA4NzBkMDEzNmM0MTqAAn1xAVUEY2FydHECXXED\ncy4=\n', '2012-03-21 09:40:56'),
('dc9d0c0ed933b6ffa42a65e98462f7e7', 'Nzg1NGZhZjI2YzFlMjU2YjUyNjM2YWE1YTM5MTA4NzBkMDEzNmM0MTqAAn1xAVUEY2FydHECXXED\ncy4=\n', '2012-03-19 01:23:41'),
('dd29b017b544e4fe0a7e2a6cd8e43a83', 'Nzg1NGZhZjI2YzFlMjU2YjUyNjM2YWE1YTM5MTA4NzBkMDEzNmM0MTqAAn1xAVUEY2FydHECXXED\ncy4=\n', '2012-03-19 19:03:25'),
('dd335115525495ebe4b5853bf941e665', 'Nzg1NGZhZjI2YzFlMjU2YjUyNjM2YWE1YTM5MTA4NzBkMDEzNmM0MTqAAn1xAVUEY2FydHECXXED\ncy4=\n', '2012-03-21 13:06:30'),
('dd4b2ed6dada71b4275f6545536f315d', 'Nzg1NGZhZjI2YzFlMjU2YjUyNjM2YWE1YTM5MTA4NzBkMDEzNmM0MTqAAn1xAVUEY2FydHECXXED\ncy4=\n', '2012-03-21 15:02:40'),
('dd94092058e928c4062fc81aa4f91488', 'Nzg1NGZhZjI2YzFlMjU2YjUyNjM2YWE1YTM5MTA4NzBkMDEzNmM0MTqAAn1xAVUEY2FydHECXXED\ncy4=\n', '2012-03-24 16:23:07'),
('ddae8d83d056698a35fb9189c56741a7', 'Nzg1NGZhZjI2YzFlMjU2YjUyNjM2YWE1YTM5MTA4NzBkMDEzNmM0MTqAAn1xAVUEY2FydHECXXED\ncy4=\n', '2012-03-25 07:04:08'),
('dddd5507530971b20086a5251c1e8580', 'Nzg1NGZhZjI2YzFlMjU2YjUyNjM2YWE1YTM5MTA4NzBkMDEzNmM0MTqAAn1xAVUEY2FydHECXXED\ncy4=\n', '2012-03-12 08:18:25'),
('ddf7d6b3d3e86143710afa8441918224', 'Nzg1NGZhZjI2YzFlMjU2YjUyNjM2YWE1YTM5MTA4NzBkMDEzNmM0MTqAAn1xAVUEY2FydHECXXED\ncy4=\n', '2012-03-25 08:49:40'),
('ded7a7505cce58800f5079d9952e854b', 'Nzg1NGZhZjI2YzFlMjU2YjUyNjM2YWE1YTM5MTA4NzBkMDEzNmM0MTqAAn1xAVUEY2FydHECXXED\ncy4=\n', '2012-03-09 18:14:39'),
('defa8f61c315b6d5396a70d81c5e3ea0', 'Nzg1NGZhZjI2YzFlMjU2YjUyNjM2YWE1YTM5MTA4NzBkMDEzNmM0MTqAAn1xAVUEY2FydHECXXED\ncy4=\n', '2012-03-25 17:48:04'),
('df111ea8f01efe088310d8256ab854ac', 'Nzg1NGZhZjI2YzFlMjU2YjUyNjM2YWE1YTM5MTA4NzBkMDEzNmM0MTqAAn1xAVUEY2FydHECXXED\ncy4=\n', '2012-03-20 10:21:21'),
('df523451871ddbc60e3b5851c35730aa', 'Nzg1NGZhZjI2YzFlMjU2YjUyNjM2YWE1YTM5MTA4NzBkMDEzNmM0MTqAAn1xAVUEY2FydHECXXED\ncy4=\n', '2012-03-09 18:14:41'),
('df6620f2fdaa5ac84d9152bcf0228567', 'OGM3N2FhMWMxMWIzNDUxY2E3ODczNTkzYWUyNWM2M2I1Y2YzNzViZjqAAn1xAShVCnRlc3Rjb29r\naWVxAlUGd29ya2VkcQNVBGNhcnRxBF1xBXUu\n', '2012-03-19 01:24:28'),
('df76ba173b4abfb26019ef2f8cbb869b', 'Nzg1NGZhZjI2YzFlMjU2YjUyNjM2YWE1YTM5MTA4NzBkMDEzNmM0MTqAAn1xAVUEY2FydHECXXED\ncy4=\n', '2012-03-20 10:21:28'),
('df7af2fd4fe92118cc44bc59e21ff814', 'Nzg1NGZhZjI2YzFlMjU2YjUyNjM2YWE1YTM5MTA4NzBkMDEzNmM0MTqAAn1xAVUEY2FydHECXXED\ncy4=\n', '2012-03-20 00:34:17'),
('dfb25a55c065a3ba44180aff7f8362bb', 'Nzg1NGZhZjI2YzFlMjU2YjUyNjM2YWE1YTM5MTA4NzBkMDEzNmM0MTqAAn1xAVUEY2FydHECXXED\ncy4=\n', '2012-03-20 01:28:24'),
('dfc60dadf9a25d563128c9009a7e641d', 'Nzg1NGZhZjI2YzFlMjU2YjUyNjM2YWE1YTM5MTA4NzBkMDEzNmM0MTqAAn1xAVUEY2FydHECXXED\ncy4=\n', '2012-03-19 08:23:07'),
('e0391167d92274fb0d760277bf15a49c', 'Nzg1NGZhZjI2YzFlMjU2YjUyNjM2YWE1YTM5MTA4NzBkMDEzNmM0MTqAAn1xAVUEY2FydHECXXED\ncy4=\n', '2012-03-09 18:46:21'),
('e04ee12e78e03060d66c23dbbac237b0', 'Nzg1NGZhZjI2YzFlMjU2YjUyNjM2YWE1YTM5MTA4NzBkMDEzNmM0MTqAAn1xAVUEY2FydHECXXED\ncy4=\n', '2012-03-21 11:55:56'),
('e079987d5fe34c4db52a81801b0147a9', 'Nzg1NGZhZjI2YzFlMjU2YjUyNjM2YWE1YTM5MTA4NzBkMDEzNmM0MTqAAn1xAVUEY2FydHECXXED\ncy4=\n', '2012-03-20 13:28:39'),
('e0c965052d42dbb713b5f5812706cf88', 'Nzg1NGZhZjI2YzFlMjU2YjUyNjM2YWE1YTM5MTA4NzBkMDEzNmM0MTqAAn1xAVUEY2FydHECXXED\ncy4=\n', '2012-03-25 07:29:29'),
('e0f30c281f6866e76448ec8d6d466b16', 'Nzg1NGZhZjI2YzFlMjU2YjUyNjM2YWE1YTM5MTA4NzBkMDEzNmM0MTqAAn1xAVUEY2FydHECXXED\ncy4=\n', '2012-03-09 18:46:21'),
('e103a57150e57796e938595fd1820f51', 'Nzg1NGZhZjI2YzFlMjU2YjUyNjM2YWE1YTM5MTA4NzBkMDEzNmM0MTqAAn1xAVUEY2FydHECXXED\ncy4=\n', '2012-03-20 11:05:08'),
('e10e47ed5bfe51201552a80fc3842779', 'Nzg1NGZhZjI2YzFlMjU2YjUyNjM2YWE1YTM5MTA4NzBkMDEzNmM0MTqAAn1xAVUEY2FydHECXXED\ncy4=\n', '2012-03-21 08:49:04'),
('e17dce0100c190486f0989310d374940', 'Nzg1NGZhZjI2YzFlMjU2YjUyNjM2YWE1YTM5MTA4NzBkMDEzNmM0MTqAAn1xAVUEY2FydHECXXED\ncy4=\n', '2012-03-20 10:21:36'),
('e1be417f09ea591a8ffae487e14bd3bf', 'M2ExNWYyNDNjNTJhZjFlZjM1MWVjYTQ5NWIzZmE4M2RiYzc2NTBlNzqAAn1xAVUEY2FydHECXXED\nfXEEKFUCaWRxBUtBVQRhdXRocQaJVQF0SwF1YXMu\n', '2012-03-24 13:17:31'),
('e1fbd3b65731472cbdb86667f478decb', 'Nzg1NGZhZjI2YzFlMjU2YjUyNjM2YWE1YTM5MTA4NzBkMDEzNmM0MTqAAn1xAVUEY2FydHECXXED\ncy4=\n', '2012-03-14 17:18:27'),
('e213d449981c84cebef67a51febe0af6', 'Nzg1NGZhZjI2YzFlMjU2YjUyNjM2YWE1YTM5MTA4NzBkMDEzNmM0MTqAAn1xAVUEY2FydHECXXED\ncy4=\n', '2012-03-17 16:56:16'),
('e2aa9fd244234697911031c65afcfbcd', 'Nzg1NGZhZjI2YzFlMjU2YjUyNjM2YWE1YTM5MTA4NzBkMDEzNmM0MTqAAn1xAVUEY2FydHECXXED\ncy4=\n', '2012-03-25 19:49:11'),
('e2ebf977ddb4d163c6bf0adf91b7bc0f', 'Nzg1NGZhZjI2YzFlMjU2YjUyNjM2YWE1YTM5MTA4NzBkMDEzNmM0MTqAAn1xAVUEY2FydHECXXED\ncy4=\n', '2012-03-17 16:56:15'),
('e3449fd78875b401c8dc47a544b3aa82', 'Nzg1NGZhZjI2YzFlMjU2YjUyNjM2YWE1YTM5MTA4NzBkMDEzNmM0MTqAAn1xAVUEY2FydHECXXED\ncy4=\n', '2012-03-10 13:36:02'),
('e361c6852988c166e8dead7ebfe88548', 'Nzg1NGZhZjI2YzFlMjU2YjUyNjM2YWE1YTM5MTA4NzBkMDEzNmM0MTqAAn1xAVUEY2FydHECXXED\ncy4=\n', '2012-03-17 23:47:37'),
('e4461db3d482adfb9a9d1c83905483f6', 'Nzg1NGZhZjI2YzFlMjU2YjUyNjM2YWE1YTM5MTA4NzBkMDEzNmM0MTqAAn1xAVUEY2FydHECXXED\ncy4=\n', '2012-03-19 08:23:16'),
('e44b6345f92f49d6be3aeda2972b3a80', 'Nzg1NGZhZjI2YzFlMjU2YjUyNjM2YWE1YTM5MTA4NzBkMDEzNmM0MTqAAn1xAVUEY2FydHECXXED\ncy4=\n', '2012-03-20 02:58:16'),
('e4ce2a6651d490d7693313d5b70903a0', 'Nzg1NGZhZjI2YzFlMjU2YjUyNjM2YWE1YTM5MTA4NzBkMDEzNmM0MTqAAn1xAVUEY2FydHECXXED\ncy4=\n', '2012-03-12 02:45:01'),
('e4fe36cefb5b17f6294940d90f942860', 'Nzg1NGZhZjI2YzFlMjU2YjUyNjM2YWE1YTM5MTA4NzBkMDEzNmM0MTqAAn1xAVUEY2FydHECXXED\ncy4=\n', '2012-03-20 12:18:29'),
('e55361b71ca550741e224d349b7c3dc9', 'Nzg1NGZhZjI2YzFlMjU2YjUyNjM2YWE1YTM5MTA4NzBkMDEzNmM0MTqAAn1xAVUEY2FydHECXXED\ncy4=\n', '2012-03-19 19:03:26'),
('e5719e4789c896b63c9d14b699b4319f', 'Nzg1NGZhZjI2YzFlMjU2YjUyNjM2YWE1YTM5MTA4NzBkMDEzNmM0MTqAAn1xAVUEY2FydHECXXED\ncy4=\n', '2012-03-20 10:21:36'),
('e59df09dedcc7d4a4578c78061eee2ba', 'Nzg1NGZhZjI2YzFlMjU2YjUyNjM2YWE1YTM5MTA4NzBkMDEzNmM0MTqAAn1xAVUEY2FydHECXXED\ncy4=\n', '2012-03-21 11:55:56'),
('e5a4e3b51e729f3677ec6574f502e796', 'Nzg1NGZhZjI2YzFlMjU2YjUyNjM2YWE1YTM5MTA4NzBkMDEzNmM0MTqAAn1xAVUEY2FydHECXXED\ncy4=\n', '2012-03-14 17:18:01'),
('e5adb45a4550907ba79a6df243119948', 'Nzg1NGZhZjI2YzFlMjU2YjUyNjM2YWE1YTM5MTA4NzBkMDEzNmM0MTqAAn1xAVUEY2FydHECXXED\ncy4=\n', '2012-03-19 19:03:29'),
('e5be6c17d7e1472d70a720863ebdb237', 'Nzg1NGZhZjI2YzFlMjU2YjUyNjM2YWE1YTM5MTA4NzBkMDEzNmM0MTqAAn1xAVUEY2FydHECXXED\ncy4=\n', '2012-03-12 04:24:45'),
('e5d3baaa305596d56e65de3ac45d6201', 'Nzg1NGZhZjI2YzFlMjU2YjUyNjM2YWE1YTM5MTA4NzBkMDEzNmM0MTqAAn1xAVUEY2FydHECXXED\ncy4=\n', '2012-03-12 08:18:19'),
('e62c45b2ab1551a9799201e0a29e04de', 'Nzg1NGZhZjI2YzFlMjU2YjUyNjM2YWE1YTM5MTA4NzBkMDEzNmM0MTqAAn1xAVUEY2FydHECXXED\ncy4=\n', '2012-03-20 10:21:31'),
('e653741ee7560ede25743bf81c1d7045', 'Nzg1NGZhZjI2YzFlMjU2YjUyNjM2YWE1YTM5MTA4NzBkMDEzNmM0MTqAAn1xAVUEY2FydHECXXED\ncy4=\n', '2012-03-13 01:42:07'),
('e6c6fb3daec7a0f8a8147a24adaf8330', 'Nzg1NGZhZjI2YzFlMjU2YjUyNjM2YWE1YTM5MTA4NzBkMDEzNmM0MTqAAn1xAVUEY2FydHECXXED\ncy4=\n', '2012-03-10 13:35:39'),
('e6d2238109364958011ac3d76cd03381', 'Nzg1NGZhZjI2YzFlMjU2YjUyNjM2YWE1YTM5MTA4NzBkMDEzNmM0MTqAAn1xAVUEY2FydHECXXED\ncy4=\n', '2012-03-12 21:40:33'),
('e73c5b3cd1e6f9d351a31943b1ca69be', 'Nzg1NGZhZjI2YzFlMjU2YjUyNjM2YWE1YTM5MTA4NzBkMDEzNmM0MTqAAn1xAVUEY2FydHECXXED\ncy4=\n', '2012-03-19 01:23:42'),
('e77dad4ca7747d2bf1568a15b71ca6fd', 'Nzg1NGZhZjI2YzFlMjU2YjUyNjM2YWE1YTM5MTA4NzBkMDEzNmM0MTqAAn1xAVUEY2FydHECXXED\ncy4=\n', '2012-03-24 15:58:21'),
('e78ff8f0647e9223b819cca470191236', 'Nzg1NGZhZjI2YzFlMjU2YjUyNjM2YWE1YTM5MTA4NzBkMDEzNmM0MTqAAn1xAVUEY2FydHECXXED\ncy4=\n', '2012-03-17 18:55:17'),
('e7b1c74b8e5b18dc2f45509e9a1c5b1a', 'Nzg1NGZhZjI2YzFlMjU2YjUyNjM2YWE1YTM5MTA4NzBkMDEzNmM0MTqAAn1xAVUEY2FydHECXXED\ncy4=\n', '2012-03-17 16:56:26'),
('e86f4794ed7bc57acac49c50a3384e7e', 'Nzg1NGZhZjI2YzFlMjU2YjUyNjM2YWE1YTM5MTA4NzBkMDEzNmM0MTqAAn1xAVUEY2FydHECXXED\ncy4=\n', '2012-03-20 10:21:38'),
('e8aa25d4701b4c977a412d495a0afa0c', 'Nzg1NGZhZjI2YzFlMjU2YjUyNjM2YWE1YTM5MTA4NzBkMDEzNmM0MTqAAn1xAVUEY2FydHECXXED\ncy4=\n', '2012-03-10 13:35:50'),
('e8fdf3721713972816651f6db40561ce', 'Nzg1NGZhZjI2YzFlMjU2YjUyNjM2YWE1YTM5MTA4NzBkMDEzNmM0MTqAAn1xAVUEY2FydHECXXED\ncy4=\n', '2012-03-17 16:56:09'),
('e93869d7e17b1b563809ee8b7316f68c', 'Nzg1NGZhZjI2YzFlMjU2YjUyNjM2YWE1YTM5MTA4NzBkMDEzNmM0MTqAAn1xAVUEY2FydHECXXED\ncy4=\n', '2012-03-20 01:08:20'),
('e95533283ee3fb907142bf9e755f5ea5', 'Nzg1NGZhZjI2YzFlMjU2YjUyNjM2YWE1YTM5MTA4NzBkMDEzNmM0MTqAAn1xAVUEY2FydHECXXED\ncy4=\n', '2012-03-09 18:14:53'),
('e98114bd401ca2ed4ba65e89a442d500', 'Nzg1NGZhZjI2YzFlMjU2YjUyNjM2YWE1YTM5MTA4NzBkMDEzNmM0MTqAAn1xAVUEY2FydHECXXED\ncy4=\n', '2012-03-09 18:14:49'),
('e9adfb7dbb475c079b114c6133bc0e50', 'Nzg1NGZhZjI2YzFlMjU2YjUyNjM2YWE1YTM5MTA4NzBkMDEzNmM0MTqAAn1xAVUEY2FydHECXXED\ncy4=\n', '2012-03-19 12:05:42'),
('ea4466b22142ff5adf9910a986e239a4', 'Nzg1NGZhZjI2YzFlMjU2YjUyNjM2YWE1YTM5MTA4NzBkMDEzNmM0MTqAAn1xAVUEY2FydHECXXED\ncy4=\n', '2012-03-19 01:23:33'),
('eae8a28878cf41e1477dd8514bb0b6ba', 'Nzg1NGZhZjI2YzFlMjU2YjUyNjM2YWE1YTM5MTA4NzBkMDEzNmM0MTqAAn1xAVUEY2FydHECXXED\ncy4=\n', '2012-03-12 08:18:25'),
('eaee78051f65be0461bd54ed248717ba', 'Nzg1NGZhZjI2YzFlMjU2YjUyNjM2YWE1YTM5MTA4NzBkMDEzNmM0MTqAAn1xAVUEY2FydHECXXED\ncy4=\n', '2012-03-17 16:56:18'),
('eb014aee713c338746a102595dc50114', 'Nzg1NGZhZjI2YzFlMjU2YjUyNjM2YWE1YTM5MTA4NzBkMDEzNmM0MTqAAn1xAVUEY2FydHECXXED\ncy4=\n', '2012-03-24 14:32:09'),
('eb1106da6c305895047a0d73c22ad02c', 'Nzg1NGZhZjI2YzFlMjU2YjUyNjM2YWE1YTM5MTA4NzBkMDEzNmM0MTqAAn1xAVUEY2FydHECXXED\ncy4=\n', '2012-03-24 17:17:49'),
('eb1bcd924b980c339420a3a1cf064372', 'Nzg1NGZhZjI2YzFlMjU2YjUyNjM2YWE1YTM5MTA4NzBkMDEzNmM0MTqAAn1xAVUEY2FydHECXXED\ncy4=\n', '2012-03-21 18:53:57'),
('eb3fb8f74750ecdac0c08e214aa3006c', 'Nzg1NGZhZjI2YzFlMjU2YjUyNjM2YWE1YTM5MTA4NzBkMDEzNmM0MTqAAn1xAVUEY2FydHECXXED\ncy4=\n', '2012-03-20 12:18:28'),
('eb5e66ebc7c215bca91a027030c1fa11', 'Nzg1NGZhZjI2YzFlMjU2YjUyNjM2YWE1YTM5MTA4NzBkMDEzNmM0MTqAAn1xAVUEY2FydHECXXED\ncy4=\n', '2012-03-19 01:24:47'),
('ebe9d10951d6f3ec7c2fe9674364c560', 'Nzg1NGZhZjI2YzFlMjU2YjUyNjM2YWE1YTM5MTA4NzBkMDEzNmM0MTqAAn1xAVUEY2FydHECXXED\ncy4=\n', '2012-03-19 01:24:40'),
('ebf617660eaa2d694fed78ade354c0df', 'Nzg1NGZhZjI2YzFlMjU2YjUyNjM2YWE1YTM5MTA4NzBkMDEzNmM0MTqAAn1xAVUEY2FydHECXXED\ncy4=\n', '2012-03-21 13:49:02'),
('ec70b6ef6af9495a704b625ecfa1f8d5', 'Nzg1NGZhZjI2YzFlMjU2YjUyNjM2YWE1YTM5MTA4NzBkMDEzNmM0MTqAAn1xAVUEY2FydHECXXED\ncy4=\n', '2012-03-20 02:43:06'),
('ed6ea4d64c93349112a7fca00521cca9', 'Nzg1NGZhZjI2YzFlMjU2YjUyNjM2YWE1YTM5MTA4NzBkMDEzNmM0MTqAAn1xAVUEY2FydHECXXED\ncy4=\n', '2012-03-19 01:24:43'),
('ed9823d58fa1bebb78d215701ae6ca67', 'Nzg1NGZhZjI2YzFlMjU2YjUyNjM2YWE1YTM5MTA4NzBkMDEzNmM0MTqAAn1xAVUEY2FydHECXXED\ncy4=\n', '2012-03-19 19:03:17'),
('edd906edf64baff46c29e6f1d57d891b', 'Nzg1NGZhZjI2YzFlMjU2YjUyNjM2YWE1YTM5MTA4NzBkMDEzNmM0MTqAAn1xAVUEY2FydHECXXED\ncy4=\n', '2012-03-24 14:41:57'),
('edf8fc5f21a6c75782bacb3b43876b85', 'Nzg1NGZhZjI2YzFlMjU2YjUyNjM2YWE1YTM5MTA4NzBkMDEzNmM0MTqAAn1xAVUEY2FydHECXXED\ncy4=\n', '2012-03-13 11:08:01'),
('edfd69e9911fa49f9d8ba6a44275a2bd', 'Nzg1NGZhZjI2YzFlMjU2YjUyNjM2YWE1YTM5MTA4NzBkMDEzNmM0MTqAAn1xAVUEY2FydHECXXED\ncy4=\n', '2012-03-19 08:23:14'),
('ee294898501d8b2a25d89e32f78e848b', 'Nzg1NGZhZjI2YzFlMjU2YjUyNjM2YWE1YTM5MTA4NzBkMDEzNmM0MTqAAn1xAVUEY2FydHECXXED\ncy4=\n', '2012-03-08 16:19:46'),
('ee2a0341c5d8068835b05611441fdbd1', 'Nzg1NGZhZjI2YzFlMjU2YjUyNjM2YWE1YTM5MTA4NzBkMDEzNmM0MTqAAn1xAVUEY2FydHECXXED\ncy4=\n', '2012-03-19 01:23:42'),
('ee63331d0d36b367cf45ddc07c7cf334', 'Nzg1NGZhZjI2YzFlMjU2YjUyNjM2YWE1YTM5MTA4NzBkMDEzNmM0MTqAAn1xAVUEY2FydHECXXED\ncy4=\n', '2012-03-21 10:17:18'),
('ee69992fc757aefca5a8bfba79a91a2b', 'Nzg1NGZhZjI2YzFlMjU2YjUyNjM2YWE1YTM5MTA4NzBkMDEzNmM0MTqAAn1xAVUEY2FydHECXXED\ncy4=\n', '2012-03-20 10:21:23'),
('ee8eaf22f7a6e606a4dbbc099683de18', 'Nzg1NGZhZjI2YzFlMjU2YjUyNjM2YWE1YTM5MTA4NzBkMDEzNmM0MTqAAn1xAVUEY2FydHECXXED\ncy4=\n', '2012-03-18 09:46:21'),
('eebec1e34636521f62a104ab6c128c32', 'Nzg1NGZhZjI2YzFlMjU2YjUyNjM2YWE1YTM5MTA4NzBkMDEzNmM0MTqAAn1xAVUEY2FydHECXXED\ncy4=\n', '2012-03-20 00:43:55'),
('eeeadb836ed9be41bb29f5f5c9d4bfa5', 'Nzg1NGZhZjI2YzFlMjU2YjUyNjM2YWE1YTM5MTA4NzBkMDEzNmM0MTqAAn1xAVUEY2FydHECXXED\ncy4=\n', '2012-03-23 13:55:09'),
('ef18b461de95aaf65cbd2fd3b2b5bbb8', 'Nzg1NGZhZjI2YzFlMjU2YjUyNjM2YWE1YTM5MTA4NzBkMDEzNmM0MTqAAn1xAVUEY2FydHECXXED\ncy4=\n', '2012-03-25 08:47:40'),
('ef85e649b710eb871a94341f6d79f642', 'Nzg1NGZhZjI2YzFlMjU2YjUyNjM2YWE1YTM5MTA4NzBkMDEzNmM0MTqAAn1xAVUEY2FydHECXXED\ncy4=\n', '2012-03-19 01:24:50'),
('ef968f5f6e9d2aa6d0a41d90b03e48eb', 'Nzg1NGZhZjI2YzFlMjU2YjUyNjM2YWE1YTM5MTA4NzBkMDEzNmM0MTqAAn1xAVUEY2FydHECXXED\ncy4=\n', '2012-03-21 18:54:03'),
('ef9f070fb56726136cd32c77f0e0b88a', 'Nzg1NGZhZjI2YzFlMjU2YjUyNjM2YWE1YTM5MTA4NzBkMDEzNmM0MTqAAn1xAVUEY2FydHECXXED\ncy4=\n', '2012-03-13 11:08:01'),
('f05e40a74acf71b78699b6d6779644dc', 'Nzg1NGZhZjI2YzFlMjU2YjUyNjM2YWE1YTM5MTA4NzBkMDEzNmM0MTqAAn1xAVUEY2FydHECXXED\ncy4=\n', '2012-03-17 16:56:05'),
('f0ad55e17698a3410bfdf43dc51a2c39', 'Nzg1NGZhZjI2YzFlMjU2YjUyNjM2YWE1YTM5MTA4NzBkMDEzNmM0MTqAAn1xAVUEY2FydHECXXED\ncy4=\n', '2012-03-13 01:42:08'),
('f10ba87f3f46e61c63ecaa4280887ac5', 'Nzg1NGZhZjI2YzFlMjU2YjUyNjM2YWE1YTM5MTA4NzBkMDEzNmM0MTqAAn1xAVUEY2FydHECXXED\ncy4=\n', '2012-03-10 13:35:11'),
('f128605608b97e93e3b15dc52e26178e', 'Nzg1NGZhZjI2YzFlMjU2YjUyNjM2YWE1YTM5MTA4NzBkMDEzNmM0MTqAAn1xAVUEY2FydHECXXED\ncy4=\n', '2012-03-24 23:49:02'),
('f16fe3bdd3971a39191b7fc0dcfa73df', 'Nzg1NGZhZjI2YzFlMjU2YjUyNjM2YWE1YTM5MTA4NzBkMDEzNmM0MTqAAn1xAVUEY2FydHECXXED\ncy4=\n', '2012-03-19 08:23:45'),
('f1af78ec233d904ba60e5f7ddaf05014', 'OGM3N2FhMWMxMWIzNDUxY2E3ODczNTkzYWUyNWM2M2I1Y2YzNzViZjqAAn1xAShVCnRlc3Rjb29r\naWVxAlUGd29ya2VkcQNVBGNhcnRxBF1xBXUu\n', '2012-03-19 01:24:31'),
('f21f115ba110234a1164d374de675e2c', 'Nzg1NGZhZjI2YzFlMjU2YjUyNjM2YWE1YTM5MTA4NzBkMDEzNmM0MTqAAn1xAVUEY2FydHECXXED\ncy4=\n', '2012-03-10 13:35:22'),
('f2c8e2d3b0fa323706260caea5a6ae71', 'Nzg1NGZhZjI2YzFlMjU2YjUyNjM2YWE1YTM5MTA4NzBkMDEzNmM0MTqAAn1xAVUEY2FydHECXXED\ncy4=\n', '2012-03-25 17:48:09'),
('f30c2c9788486c4728c746e016c19426', 'Nzg1NGZhZjI2YzFlMjU2YjUyNjM2YWE1YTM5MTA4NzBkMDEzNmM0MTqAAn1xAVUEY2FydHECXXED\ncy4=\n', '2012-03-18 17:05:53'),
('f32050618bbcfd03b5f443123d5e52b0', 'NDc2ZmNlNGY4MmMzZjExZGMwODc3OWUxMjcyNGM1Zjg3M2Y5Y2U0NTqAAn1xAVUEY2FydHECXXED\nfXEEKFUCaWRxBUs6VQRhdXRocQaJVQF0SwF1YXMu\n', '2012-03-23 07:22:09'),
('f34fba5d8d0def83860c60538bbdfa42', 'Nzg1NGZhZjI2YzFlMjU2YjUyNjM2YWE1YTM5MTA4NzBkMDEzNmM0MTqAAn1xAVUEY2FydHECXXED\ncy4=\n', '2012-03-15 23:11:58'),
('f34fdf2977472b39eba3ca051e492696', 'Nzg1NGZhZjI2YzFlMjU2YjUyNjM2YWE1YTM5MTA4NzBkMDEzNmM0MTqAAn1xAVUEY2FydHECXXED\ncy4=\n', '2012-03-21 12:27:25'),
('f379d0f8e7986dfb5e573938e1fcb2ee', 'Nzg1NGZhZjI2YzFlMjU2YjUyNjM2YWE1YTM5MTA4NzBkMDEzNmM0MTqAAn1xAVUEY2FydHECXXED\ncy4=\n', '2012-03-18 17:05:53'),
('f3824989d7b45f51c3ac4fa89af74f89', 'Nzg1NGZhZjI2YzFlMjU2YjUyNjM2YWE1YTM5MTA4NzBkMDEzNmM0MTqAAn1xAVUEY2FydHECXXED\ncy4=\n', '2012-03-25 17:48:16'),
('f3c1f5e4c8c1907c9d92ccc7a707e0c2', 'Nzg1NGZhZjI2YzFlMjU2YjUyNjM2YWE1YTM5MTA4NzBkMDEzNmM0MTqAAn1xAVUEY2FydHECXXED\ncy4=\n', '2012-03-21 13:59:04'),
('f44a29ead9992be79abe95de19d011b5', 'Nzg1NGZhZjI2YzFlMjU2YjUyNjM2YWE1YTM5MTA4NzBkMDEzNmM0MTqAAn1xAVUEY2FydHECXXED\ncy4=\n', '2012-03-12 21:40:30'),
('f49cb9c79a927f4ea12e651690ffd100', 'Nzg1NGZhZjI2YzFlMjU2YjUyNjM2YWE1YTM5MTA4NzBkMDEzNmM0MTqAAn1xAVUEY2FydHECXXED\ncy4=\n', '2012-03-10 13:35:16'),
('f4c1511e89d20716ebc7e1dd8384d24f', 'Nzg1NGZhZjI2YzFlMjU2YjUyNjM2YWE1YTM5MTA4NzBkMDEzNmM0MTqAAn1xAVUEY2FydHECXXED\ncy4=\n', '2012-03-09 18:15:00'),
('f501c3369b4bf421ad02badf35bc417a', 'Nzg1NGZhZjI2YzFlMjU2YjUyNjM2YWE1YTM5MTA4NzBkMDEzNmM0MTqAAn1xAVUEY2FydHECXXED\ncy4=\n', '2012-03-25 14:49:39'),
('f593db8c8ded5a726d81cad08569a207', 'Nzg1NGZhZjI2YzFlMjU2YjUyNjM2YWE1YTM5MTA4NzBkMDEzNmM0MTqAAn1xAVUEY2FydHECXXED\ncy4=\n', '2012-03-19 08:23:20'),
('f5bab91e5a3da9d2579f6b4a38ef4d59', 'Nzg1NGZhZjI2YzFlMjU2YjUyNjM2YWE1YTM5MTA4NzBkMDEzNmM0MTqAAn1xAVUEY2FydHECXXED\ncy4=\n', '2012-03-17 16:56:27'),
('f5e25a718af63cf1e92c7c7d64a1676d', 'Nzg1NGZhZjI2YzFlMjU2YjUyNjM2YWE1YTM5MTA4NzBkMDEzNmM0MTqAAn1xAVUEY2FydHECXXED\ncy4=\n', '2012-03-19 19:03:15'),
('f61b0696ac60492fe5b028ad5f185d73', 'NWQ4ZjViMTZmMjA5MmI2ZTVmOWM4ZjMyZWRiMjlkZjEwZWQ2N2FkMTqAAn1xAShVCnRlc3Rjb29r\naWVxAlUGd29ya2VkcQNVEl9hdXRoX3VzZXJfYmFja2VuZHEEVSlkamFuZ28uY29udHJpYi5hdXRo\nLmJhY2tlbmRzLk1vZGVsQmFja2VuZHEFVQ1fYXV0aF91c2VyX2lkcQaKAQJ1Lg==\n', '2011-12-24 12:51:31'),
('f68ea4222cefc554c2113ee14505f924', 'Nzg1NGZhZjI2YzFlMjU2YjUyNjM2YWE1YTM5MTA4NzBkMDEzNmM0MTqAAn1xAVUEY2FydHECXXED\ncy4=\n', '2012-03-17 16:56:18'),
('f6c649047d5e329f9ecdc82482a8b7a0', 'MjM1MDU1NmFkMTRkNWZlNDhiMjY5MTlmZGU1OWJkNTFjZWUwMWUwZDqAAn1xAVUEY2FydHECXXED\nKH1xBChVAmlkcQVLO1UEYXV0aHEGiVUBdEsBdX1xByhVAmlkcQhLCVUEYXV0aHEJiVUBdEsCdX1x\nCihVAmlkcQtLClUEYXV0aHEMiVUBdEsDdWVzLg==\n', '2012-03-22 17:06:05'),
('f707c49b7fe0959a32a05896558adb99', 'Nzg1NGZhZjI2YzFlMjU2YjUyNjM2YWE1YTM5MTA4NzBkMDEzNmM0MTqAAn1xAVUEY2FydHECXXED\ncy4=\n', '2012-03-21 18:53:56'),
('f71c42d0f3ab163b76a95810ffb6df3b', 'Nzg1NGZhZjI2YzFlMjU2YjUyNjM2YWE1YTM5MTA4NzBkMDEzNmM0MTqAAn1xAVUEY2FydHECXXED\ncy4=\n', '2012-03-19 08:23:48'),
('f74799a79d8f7860ae4d4f753383a4ba', 'Nzg1NGZhZjI2YzFlMjU2YjUyNjM2YWE1YTM5MTA4NzBkMDEzNmM0MTqAAn1xAVUEY2FydHECXXED\ncy4=\n', '2012-03-12 21:40:37'),
('f76e89e98b6e132330e162a4167c2db3', 'OGM3N2FhMWMxMWIzNDUxY2E3ODczNTkzYWUyNWM2M2I1Y2YzNzViZjqAAn1xAShVCnRlc3Rjb29r\naWVxAlUGd29ya2VkcQNVBGNhcnRxBF1xBXUu\n', '2012-03-19 01:24:30'),
('f7bf1c229f2830603cedd97e596e803b', 'Nzg1NGZhZjI2YzFlMjU2YjUyNjM2YWE1YTM5MTA4NzBkMDEzNmM0MTqAAn1xAVUEY2FydHECXXED\ncy4=\n', '2012-03-17 16:56:16'),
('f8225732cf0e282d132a6878fd5ac640', 'Nzg1NGZhZjI2YzFlMjU2YjUyNjM2YWE1YTM5MTA4NzBkMDEzNmM0MTqAAn1xAVUEY2FydHECXXED\ncy4=\n', '2012-03-19 08:23:41'),
('f844040c8e46c07d50a4c05657cf72f0', 'Nzg1NGZhZjI2YzFlMjU2YjUyNjM2YWE1YTM5MTA4NzBkMDEzNmM0MTqAAn1xAVUEY2FydHECXXED\ncy4=\n', '2012-03-08 16:19:33'),
('f8d023b937320506b4e9d043d43b7371', 'Nzg1NGZhZjI2YzFlMjU2YjUyNjM2YWE1YTM5MTA4NzBkMDEzNmM0MTqAAn1xAVUEY2FydHECXXED\ncy4=\n', '2012-03-12 21:40:33'),
('f918c4d5d19d8caec7747b7ef6a39372', 'Nzg1NGZhZjI2YzFlMjU2YjUyNjM2YWE1YTM5MTA4NzBkMDEzNmM0MTqAAn1xAVUEY2FydHECXXED\ncy4=\n', '2012-03-19 01:24:48'),
('f9932494cf0785b4b0a6b144312f8172', 'Nzg1NGZhZjI2YzFlMjU2YjUyNjM2YWE1YTM5MTA4NzBkMDEzNmM0MTqAAn1xAVUEY2FydHECXXED\ncy4=\n', '2012-03-19 01:24:30'),
('fa0b9e9273a23fe716e1a9fac5677191', 'Nzg1NGZhZjI2YzFlMjU2YjUyNjM2YWE1YTM5MTA4NzBkMDEzNmM0MTqAAn1xAVUEY2FydHECXXED\ncy4=\n', '2012-03-24 07:57:46'),
('fa14efc84aad42436b0b56f613080c9f', 'Nzg1NGZhZjI2YzFlMjU2YjUyNjM2YWE1YTM5MTA4NzBkMDEzNmM0MTqAAn1xAVUEY2FydHECXXED\ncy4=\n', '2012-03-19 08:23:08'),
('fa2b0b83797d058af72090f84a7daa7c', 'Nzg1NGZhZjI2YzFlMjU2YjUyNjM2YWE1YTM5MTA4NzBkMDEzNmM0MTqAAn1xAVUEY2FydHECXXED\ncy4=\n', '2012-03-20 00:30:57'),
('fa756d65baa68d6209b9cde26603b2eb', 'Nzg1NGZhZjI2YzFlMjU2YjUyNjM2YWE1YTM5MTA4NzBkMDEzNmM0MTqAAn1xAVUEY2FydHECXXED\ncy4=\n', '2012-03-14 09:11:14'),
('faafd21afd4fb9ce842e68c1604a4859', 'Nzg1NGZhZjI2YzFlMjU2YjUyNjM2YWE1YTM5MTA4NzBkMDEzNmM0MTqAAn1xAVUEY2FydHECXXED\ncy4=\n', '2012-03-09 18:14:44'),
('fac73740966d3ef38f4e3ee7baead0bb', 'Nzg1NGZhZjI2YzFlMjU2YjUyNjM2YWE1YTM5MTA4NzBkMDEzNmM0MTqAAn1xAVUEY2FydHECXXED\ncy4=\n', '2012-03-20 10:21:30'),
('faebeb35dcb3a91dbfdf94c9b730436a', 'Nzg1NGZhZjI2YzFlMjU2YjUyNjM2YWE1YTM5MTA4NzBkMDEzNmM0MTqAAn1xAVUEY2FydHECXXED\ncy4=\n', '2012-03-10 13:35:44'),
('faeefc961da1bdc9fb7217b0c1404642', 'Nzg1NGZhZjI2YzFlMjU2YjUyNjM2YWE1YTM5MTA4NzBkMDEzNmM0MTqAAn1xAVUEY2FydHECXXED\ncy4=\n', '2012-03-20 03:16:26'),
('faf2c288446712ae68fd752d8d211582', 'Nzg1NGZhZjI2YzFlMjU2YjUyNjM2YWE1YTM5MTA4NzBkMDEzNmM0MTqAAn1xAVUEY2FydHECXXED\ncy4=\n', '2012-03-21 18:54:00'),
('fba8625b81f1294ea151a18e112e2dfb', 'Nzg1NGZhZjI2YzFlMjU2YjUyNjM2YWE1YTM5MTA4NzBkMDEzNmM0MTqAAn1xAVUEY2FydHECXXED\ncy4=\n', '2012-03-14 12:37:19'),
('fbd2565385b8d2d53c27eb1479bc4420', 'Nzg1NGZhZjI2YzFlMjU2YjUyNjM2YWE1YTM5MTA4NzBkMDEzNmM0MTqAAn1xAVUEY2FydHECXXED\ncy4=\n', '2012-03-10 13:35:38'),
('fbe796ea4066e5df4d9bd7d0d8d31b88', 'Nzg1NGZhZjI2YzFlMjU2YjUyNjM2YWE1YTM5MTA4NzBkMDEzNmM0MTqAAn1xAVUEY2FydHECXXED\ncy4=\n', '2012-03-14 17:18:01'),
('fc28cc0619ce262f4024220897cebf75', 'Nzg1NGZhZjI2YzFlMjU2YjUyNjM2YWE1YTM5MTA4NzBkMDEzNmM0MTqAAn1xAVUEY2FydHECXXED\ncy4=\n', '2012-03-19 01:23:34'),
('fc5f5f6633bba958596edbeb14002f36', 'Nzg1NGZhZjI2YzFlMjU2YjUyNjM2YWE1YTM5MTA4NzBkMDEzNmM0MTqAAn1xAVUEY2FydHECXXED\ncy4=\n', '2012-03-24 15:35:09'),
('fcc8ebf15779745cdfd223541ce3193f', 'Nzg1NGZhZjI2YzFlMjU2YjUyNjM2YWE1YTM5MTA4NzBkMDEzNmM0MTqAAn1xAVUEY2FydHECXXED\ncy4=\n', '2012-03-19 19:03:21'),
('fd3040a7a5301ede220a87f02c5d72b1', 'Nzg1NGZhZjI2YzFlMjU2YjUyNjM2YWE1YTM5MTA4NzBkMDEzNmM0MTqAAn1xAVUEY2FydHECXXED\ncy4=\n', '2012-03-17 16:56:23'),
('fd47239d8b5d82e2b576c43f3c9fcc01', 'OGM1NjExOWU0NjQxOWVlZmU3NmYwMzMyNDVkMTc2NjM0MmZkNjQzMDqAAn1xAShVEl9hdXRoX3Vz\nZXJfYmFja2VuZHECVSlkamFuZ28uY29udHJpYi5hdXRoLmJhY2tlbmRzLk1vZGVsQmFja2VuZHED\nVQ1fYXV0aF91c2VyX2lkcQSKAQJ1Lg==\n', '2012-01-11 17:45:49'),
('fd5b8f6dea44d60cd9d2d28b44634480', 'Nzg1NGZhZjI2YzFlMjU2YjUyNjM2YWE1YTM5MTA4NzBkMDEzNmM0MTqAAn1xAVUEY2FydHECXXED\ncy4=\n', '2012-03-12 21:40:44'),
('fd68e029c2ed31764e52dd9917d99686', 'Nzg1NGZhZjI2YzFlMjU2YjUyNjM2YWE1YTM5MTA4NzBkMDEzNmM0MTqAAn1xAVUEY2FydHECXXED\ncy4=\n', '2012-03-20 10:21:35'),
('fd6e5d939052128eebe3525a877c8d03', 'Nzg1NGZhZjI2YzFlMjU2YjUyNjM2YWE1YTM5MTA4NzBkMDEzNmM0MTqAAn1xAVUEY2FydHECXXED\ncy4=\n', '2012-03-20 02:43:58'),
('fd71540056690fb6356878b96b3d63bf', 'OGU1Y2RhM2IzMWRhOGQxNmVjZmE1Mzk2ODFlODMyNzMyZDlmMjg3ZDqAAn1xAShVCnRlc3Rjb29r\naWVxAlUGd29ya2VkcQNVBGNhcnRxBF1xBX1xBihVAmlkcQdLD1UEYXV0aHEIiVUBdEsBdWF1Lg==\n', '2012-03-16 14:07:53'),
('fd7a0d2aa52f0cc246ae6aeb27cb89e5', 'Nzg1NGZhZjI2YzFlMjU2YjUyNjM2YWE1YTM5MTA4NzBkMDEzNmM0MTqAAn1xAVUEY2FydHECXXED\ncy4=\n', '2012-03-21 18:53:58'),
('fd7c8edfe75db0e6e49b49337230bd38', 'Nzg1NGZhZjI2YzFlMjU2YjUyNjM2YWE1YTM5MTA4NzBkMDEzNmM0MTqAAn1xAVUEY2FydHECXXED\ncy4=\n', '2012-03-21 09:39:05'),
('fddd58c733b13efb5f4cf3751165af88', 'Nzg1NGZhZjI2YzFlMjU2YjUyNjM2YWE1YTM5MTA4NzBkMDEzNmM0MTqAAn1xAVUEY2FydHECXXED\ncy4=\n', '2012-03-25 17:48:20'),
('fe4d8c3a488d390b8cfab2a09aed9279', 'Nzg1NGZhZjI2YzFlMjU2YjUyNjM2YWE1YTM5MTA4NzBkMDEzNmM0MTqAAn1xAVUEY2FydHECXXED\ncy4=\n', '2012-03-12 21:40:32'),
('feecb64eef2a95827d47e4edf13a2e34', 'Nzg1NGZhZjI2YzFlMjU2YjUyNjM2YWE1YTM5MTA4NzBkMDEzNmM0MTqAAn1xAVUEY2FydHECXXED\ncy4=\n', '2012-03-12 21:40:40'),
('fef348667b5067d167a90680c487cf6d', 'Nzg1NGZhZjI2YzFlMjU2YjUyNjM2YWE1YTM5MTA4NzBkMDEzNmM0MTqAAn1xAVUEY2FydHECXXED\ncy4=\n', '2012-03-25 10:35:20'),
('ff6c0ee94ffb57bd213fbd7ab7cecab5', 'Nzg1NGZhZjI2YzFlMjU2YjUyNjM2YWE1YTM5MTA4NzBkMDEzNmM0MTqAAn1xAVUEY2FydHECXXED\ncy4=\n', '2012-03-11 18:01:16'),
('ff78682c037005dda55b1aae0eaaaac9', 'Nzg1NGZhZjI2YzFlMjU2YjUyNjM2YWE1YTM5MTA4NzBkMDEzNmM0MTqAAn1xAVUEY2FydHECXXED\ncy4=\n', '2012-03-08 16:20:02');

-- --------------------------------------------------------

--
-- Структура таблицы `django_site`
--

CREATE TABLE IF NOT EXISTS `django_site` (
  `id` int(11) NOT NULL AUTO_INCREMENT,
  `domain` varchar(100) NOT NULL,
  `name` varchar(50) NOT NULL,
  PRIMARY KEY (`id`)
) ENGINE=InnoDB  DEFAULT CHARSET=utf8 AUTO_INCREMENT=2 ;

--
-- Дамп данных таблицы `django_site`
--

INSERT INTO `django_site` (`id`, `domain`, `name`) VALUES
(1, 'naholste.kz', 'naholste.kz');

-- --------------------------------------------------------

--
-- Структура таблицы `gallery_album`
--

CREATE TABLE IF NOT EXISTS `gallery_album` (
  `id` int(11) NOT NULL AUTO_INCREMENT,
  `img` varchar(150) NOT NULL,
  `name` varchar(100) NOT NULL,
  PRIMARY KEY (`id`)
) ENGINE=InnoDB  DEFAULT CHARSET=utf8 AUTO_INCREMENT=18 ;

--
-- Дамп данных таблицы `gallery_album`
--

INSERT INTO `gallery_album` (`id`, `img`, `name`) VALUES
(1, 'albums/Abstrakcii1.jpg', 'Абстракции1'),
(2, 'albums/vodnyi_mir.jpg', 'водный мир'),
(3, 'albums/gorodskie_panoramy.jpg', 'городские панорамы'),
(4, 'albums/zhivotnyi_mir.jpg', 'животный мир'),
(5, 'albums/zakat.jpg', 'закат'),
(6, 'albums/zima.jpg', 'зима'),
(7, 'albums/kapelka.jpg', 'капелька росы'),
(8, 'albums/krasota_prirody.jpg', 'красота природы'),
(9, 'albums/leto.jpg', 'лето'),
(10, 'albums/mir_romashek.jpg', 'мир ромашек'),
(11, 'albums/nochnoy_gorod.jpg', 'ночной город'),
(12, 'albums/osen.jpg', 'осень'),
(13, 'albums/prodykty.jpg', 'продукты'),
(14, 'albums/tekstury.jpg', 'текстура'),
(15, 'albums/tropicheskiy_ray.jpg', 'тропический рай'),
(16, 'albums/furnitura_interiera.jpg', 'фурнитура интерьера'),
(17, 'albums/cvetochnyi_ray.jpg', 'цветочный рай');

-- --------------------------------------------------------

--
-- Структура таблицы `gallery_images`
--

CREATE TABLE IF NOT EXISTS `gallery_images` (
  `id` int(11) NOT NULL AUTO_INCREMENT,
  `album_id` int(11) NOT NULL,
  `img` varchar(150) NOT NULL,
  `name` varchar(100) NOT NULL,
  PRIMARY KEY (`id`),
  KEY `gallery_images_1293c648` (`album_id`)
) ENGINE=InnoDB  DEFAULT CHARSET=utf8 AUTO_INCREMENT=18 ;

--
-- Дамп данных таблицы `gallery_images`
--

INSERT INTO `gallery_images` (`id`, `album_id`, `img`, `name`) VALUES
(1, 1, 'gallery/Abstrakcii1.jpg', 'Абстракция'),
(2, 2, 'gallery/vodnyi_mir.jpg', 'вода'),
(3, 3, 'gallery/gorodskie_panoramy.jpg', 'город'),
(4, 4, 'gallery/zhivotnyi_mir.jpg', 'животные'),
(5, 5, 'gallery/zakat.jpg', 'закат'),
(6, 6, 'gallery/zima.jpg', 'зима'),
(7, 7, 'gallery/kapelka.jpg', 'роса'),
(8, 8, 'gallery/krasota_prirody.jpg', 'природа'),
(9, 9, 'gallery/leto.jpg', 'лето'),
(10, 10, 'gallery/mir_romashek.jpg', 'ромашки'),
(11, 11, 'gallery/nochnoy_gorod.jpg', 'ночь'),
(12, 12, 'gallery/osen.jpg', 'осень'),
(13, 13, 'gallery/prodykty.jpg', 'шоколад'),
(14, 14, 'gallery/tekstury.jpg', 'текстура'),
(15, 15, 'gallery/tropicheskiy_ray.jpg', 'тропики'),
(16, 16, 'gallery/furnitura_interiera.jpg', 'интерьер'),
(17, 17, 'gallery/cvetochnyi_ray.jpg', 'цветы');

-- --------------------------------------------------------

--
-- Структура таблицы `mosaic_mosaic`
--

CREATE TABLE IF NOT EXISTS `mosaic_mosaic` (
  `id` int(11) NOT NULL AUTO_INCREMENT,
  `user_id` int(11) DEFAULT NULL,
  `nouser` varchar(32) NOT NULL,
  `table_type` int(11) NOT NULL,
  `img_size_id` int(11) DEFAULT NULL,
  `img_effect` smallint(6) NOT NULL,
  `qty` int(11) NOT NULL,
  `frame_id` int(11) DEFAULT NULL,
  `packaging_id` int(11) DEFAULT NULL,
  `f_0` varchar(32) NOT NULL,
  `f_1` varchar(32) NOT NULL,
  `f_2` varchar(32) NOT NULL,
  `f_3` varchar(32) NOT NULL,
  `f_4` varchar(32) NOT NULL,
  `f_5` varchar(32) NOT NULL,
  `f_6` varchar(32) NOT NULL,
  `f_7` varchar(32) NOT NULL,
  `f_8` varchar(32) NOT NULL,
  `status` tinyint(4) NOT NULL,
  `created` datetime NOT NULL,
  PRIMARY KEY (`id`),
  KEY `mosaic_mosaic_403f60f` (`user_id`),
  KEY `mosaic_mosaic_5f519445` (`img_size_id`),
  KEY `mosaic_mosaic_7b89a14a` (`frame_id`),
  KEY `mosaic_mosaic_412518f8` (`packaging_id`)
) ENGINE=InnoDB  DEFAULT CHARSET=utf8 AUTO_INCREMENT=17 ;

--
-- Дамп данных таблицы `mosaic_mosaic`
--

INSERT INTO `mosaic_mosaic` (`id`, `user_id`, `nouser`, `table_type`, `img_size_id`, `img_effect`, `qty`, `frame_id`, `packaging_id`, `f_0`, `f_1`, `f_2`, `f_3`, `f_4`, `f_5`, `f_6`, `f_7`, `f_8`, `status`, `created`) VALUES
(2, 3, '', 1, 1, 1, 1, NULL, NULL, '', '', '', '', '', '', '', '', '', 0, '2012-02-24 23:47:31'),
(4, NULL, '1c2bcce456a7eed7a4eeca8490707123', 1, 1, 1, 1, NULL, NULL, '', '', '', '', '', '', '', '', '', 0, '2012-02-29 07:13:16'),
(5, NULL, 'e43f80146290f68fe28dca49376b10c2', 1, 1, 1, 1, NULL, NULL, '', '', '', '', '', '', '', '', '', 0, '2012-03-01 06:11:32'),
(6, NULL, '80fc2bb748d3ce2b52523d8d97c53e41', 1, 1, 1, 1, NULL, NULL, '', 'd7765ee1cb63dedea89d617e4a802c1a', '61179b2b30a70938c581de06f211a31c', '', '', '', '', '', '', 0, '2012-03-04 10:24:16'),
(7, NULL, '636f6645d1f9a4334d74cc0d0dcc19f9', 2, 5, 1, 1, NULL, NULL, '', '', '', '', '', '', '', '', '', 0, '2012-03-06 19:33:54'),
(8, NULL, '53c6d7204832ccddd2e87d61cc04d835', 2, 5, 1, 1, NULL, NULL, '', '', '', '', '', '', '', '', '', 0, '2012-03-06 19:36:30'),
(9, NULL, 'c82c755b94ba91bb3c9acbc04fd83e56', 2, 5, 1, 1, NULL, NULL, '', '', 'afeef102a0377fbe9679863658578ab9', '', '', '', '', '', '', 0, '2012-03-08 17:02:50'),
(10, NULL, 'c82c755b94ba91bb3c9acbc04fd83e56', 2, 5, 1, 1, 3, 1, '', '', '5ed4639cc9ec1cfafafa2eb29110bdb5', '', '', '', '14dc0a4519d75fd81b4b7bbc6f10873e', '', '', 0, '2012-03-08 17:06:05'),
(11, NULL, '2c66b58789ad69029a9a2784e20751ae', 1, 1, 1, 1, NULL, NULL, 'dd07d66881fc3f09d48c7eed7e4cedaf', '', '', '', '', '', '', '', '', 1, '2012-03-09 09:17:22'),
(12, NULL, 'a7d7c8e9f67f5d0059ffbdbca1dbf93d', 2, 5, 1, 1, NULL, NULL, 'e02f0c9b7fd1b088d1e8388d1e5199d2', '', '', '', '', '', '', '', '', 0, '2012-03-10 10:14:58'),
(14, NULL, '03280335403e9e79bef8e0698da72370', 1, 1, 1, 1, NULL, NULL, '', '', '', '', '', '', '', '', '', 0, '2012-03-10 10:16:12'),
(16, NULL, '7c791283006c01a65f8a78065c2851aa', 2, 5, 1, 1, NULL, NULL, '', '', '', '', '', '', '', '', '', 0, '2012-03-11 17:41:52');

-- --------------------------------------------------------

--
-- Структура таблицы `mosaic_mosaicsize`
--

CREATE TABLE IF NOT EXISTS `mosaic_mosaicsize` (
  `id` int(11) NOT NULL AUTO_INCREMENT,
  `name` varchar(100) NOT NULL,
  `price` double NOT NULL,
  `width` int(11) NOT NULL,
  `height` int(11) NOT NULL,
  `defsize` tinyint(1) NOT NULL,
  PRIMARY KEY (`id`)
) ENGINE=InnoDB  DEFAULT CHARSET=utf8 AUTO_INCREMENT=13 ;

--
-- Дамп данных таблицы `mosaic_mosaicsize`
--

INSERT INTO `mosaic_mosaicsize` (`id`, `name`, `price`, `width`, `height`, `defsize`) VALUES
(1, '12x12 см', 10, 12, 12, 1),
(2, '20x20 см', 11, 20, 20, 0),
(3, '30x30 см', 12, 30, 30, 0),
(4, '36x36 см', 13, 36, 36, 0),
(5, '16x12 см', 15, 16, 12, 0),
(6, '20x16 см', 16, 20, 16, 0),
(7, '30x24 см', 14, 30, 24, 0),
(8, '35x28 см', 17, 35, 28, 0),
(9, '12x16 см', 18, 12, 16, 0),
(10, '16x20 см', 19, 16, 20, 0),
(11, '24x30 см', 20, 24, 30, 0),
(12, '28x35 см', 21, 28, 35, 0);

-- --------------------------------------------------------

--
-- Структура таблицы `puzzle_puzzle`
--

CREATE TABLE IF NOT EXISTS `puzzle_puzzle` (
  `id` int(11) NOT NULL AUTO_INCREMENT,
  `user_id` int(11) DEFAULT NULL,
  `nouser` varchar(32) NOT NULL,
  `img` varchar(32) NOT NULL,
  `img_stretch_id` int(11) NOT NULL,
  `img_size_id` int(11) DEFAULT NULL,
  `img_effect` smallint(6) NOT NULL,
  `qty` int(11) NOT NULL,
  `frame_id` int(11) DEFAULT NULL,
  `packaging_id` int(11) DEFAULT NULL,
  `x1` int(11) NOT NULL,
  `y1` int(11) NOT NULL,
  `x2` int(11) NOT NULL,
  `y2` int(11) NOT NULL,
  `status` tinyint(1) NOT NULL,
  `created` datetime NOT NULL,
  PRIMARY KEY (`id`),
  KEY `puzzle_puzzle_403f60f` (`user_id`),
  KEY `puzzle_puzzle_470d0678` (`img_stretch_id`),
  KEY `puzzle_puzzle_5f519445` (`img_size_id`),
  KEY `puzzle_puzzle_7b89a14a` (`frame_id`),
  KEY `puzzle_puzzle_412518f8` (`packaging_id`)
) ENGINE=InnoDB  DEFAULT CHARSET=utf8 AUTO_INCREMENT=15 ;

--
-- Дамп данных таблицы `puzzle_puzzle`
--

INSERT INTO `puzzle_puzzle` (`id`, `user_id`, `nouser`, `img`, `img_stretch_id`, `img_size_id`, `img_effect`, `qty`, `frame_id`, `packaging_id`, `x1`, `y1`, `x2`, `y2`, `status`, `created`) VALUES
(2, 3, '', 'abcf182e75b847750f4dc6271cf6dbfe', 1, 1, 3, 1, 3, 1, 94, 0, 406, 312, 0, '2012-02-24 23:48:27'),
(3, NULL, '1c2bcce456a7eed7a4eeca8490707123', 'e833ddfefe3b04d1292f82e29ae88c65', 1, 8, 1, 1, NULL, 2, 4, 0, 496, 492, 0, '2012-02-29 07:12:30'),
(4, NULL, '115de670d6a7a9ec83b8fc3f81a9ad97', '79ca8556b2e740745994f8118cea6cfb', 1, 1, 1, 1, NULL, NULL, 0, 0, 0, 0, 0, '2012-03-01 14:38:17'),
(5, NULL, 'b909c51e163e3c145a5a6d38a662d715', '2027d3e577c2ac259cabdddb25a668bb', 1, 1, 1, 1, 3, NULL, 84, 0, 416, 332, 0, '2012-03-05 20:52:29'),
(6, NULL, '487469f8e03b7b5d4a034847ce9d12d5', '4ee9b40eadc9172f6bc7b1d13ae49b00', 1, 1, 1, 1, NULL, NULL, 0, 0, 0, 0, 0, '2012-03-07 05:43:23'),
(7, NULL, 'fb2e99ca17feead385581b3ad9784187', '20306a71a4b7445239f1f0f64ad0488f', 1, 1, 1, 1, NULL, NULL, 0, 0, 0, 0, 0, '2012-03-07 05:54:47'),
(8, NULL, '08e8dbcd49ab75475bef68e049c81fc3', 'f29345014078437218f836beca02d2c1', 1, 11, 1, 1, 3, 1, 40, 0, 460, 280, 0, '2012-03-07 07:05:44'),
(9, NULL, 'c82c755b94ba91bb3c9acbc04fd83e56', '286fbcaa2ee62388fbdc6577eef6787d', 1, 2, 1, 1, 3, 1, 0, 0, 500, 375, 0, '2012-03-08 16:59:36'),
(10, NULL, '2c66b58789ad69029a9a2784e20751ae', '08bb104edfc45bfdb4f53fc424064674', 1, 1, 1, 1, NULL, NULL, 62, 0, 437, 375, 1, '2012-03-09 15:05:16'),
(11, NULL, '4c0b9e6f5a6c5cedeac3bec7e76d11bc', 'dcf4ead305c9d108ab521a1cd464a785', 1, 1, 1, 1, NULL, NULL, 0, 0, 0, 0, 0, '2012-03-09 12:54:27'),
(12, NULL, 'a7d7c8e9f67f5d0059ffbdbca1dbf93d', 'eef356429254c581bd7bc29da610d36d', 1, 1, 1, 1, NULL, NULL, 0, 0, 0, 0, 0, '2012-03-10 10:16:49'),
(13, NULL, 'a7d7c8e9f67f5d0059ffbdbca1dbf93d', '23bc5c859f22db87cdff6bcd8a838287', 1, 1, 1, 1, NULL, NULL, 0, 0, 0, 0, 0, '2012-03-10 10:22:46'),
(14, NULL, '03280335403e9e79bef8e0698da72370', 'f42bb324c0968fddd7a7af0542b7a21e', 1, 1, 1, 1, NULL, NULL, 0, 0, 0, 0, 0, '2012-03-10 10:22:53');

-- --------------------------------------------------------

--
-- Структура таблицы `puzzle_puzzlesize`
--

CREATE TABLE IF NOT EXISTS `puzzle_puzzlesize` (
  `id` int(11) NOT NULL AUTO_INCREMENT,
  `name` varchar(100) NOT NULL,
  `img` varchar(150) NOT NULL,
  `price` double NOT NULL,
  `width` int(11) NOT NULL,
  `height` int(11) NOT NULL,
  `defsize` tinyint(1) NOT NULL,
  PRIMARY KEY (`id`)
) ENGINE=InnoDB  DEFAULT CHARSET=utf8 AUTO_INCREMENT=12 ;

--
-- Дамп данных таблицы `puzzle_puzzlesize`
--

INSERT INTO `puzzle_puzzlesize` (`id`, `name`, `img`, `price`, `width`, `height`, `defsize`) VALUES
(1, '4-45x45', 'puzzle_size/4-45x45.jpg', 10, 90, 90, 1),
(2, '3-25x100', 'puzzle_size/3-25x100.jpg', 11, 75, 100, 0),
(3, '4-30x30', 'puzzle_size/4-30x30.jpg', 12, 60, 60, 0),
(4, '3-45x45', 'puzzle_size/3-45x45.jpg', 13, 135, 45, 0),
(5, '6-30x30', 'puzzle_size/6-30x30.jpg', 14, 90, 60, 0),
(6, '6-45x45', 'puzzle_size/6-45x45.jpg', 15, 135, 90, 0),
(7, '5-25x100', 'puzzle_size/5-25x100.jpg', 16, 125, 100, 0),
(8, '9-30x30', 'puzzle_size/9-30x30.jpg', 17, 270, 270, 0),
(9, '9-45x45', 'puzzle_size/9-45x45.jpg', 18, 405, 405, 0),
(10, '3-30x30', 'puzzle_size/9-30x30_1.jpg', 19, 90, 90, 0),
(11, '3-25x50', 'puzzle_size/3-25x50.jpg', 20, 75, 50, 0);

--
-- Ограничения внешнего ключа сохраненных таблиц
--

--
-- Ограничения внешнего ключа таблицы `account_userprofile`
--
ALTER TABLE `account_userprofile`
  ADD CONSTRAINT `user_id_refs_id_5ef8aa5f` FOREIGN KEY (`user_id`) REFERENCES `auth_user` (`id`);

--
-- Ограничения внешнего ключа таблицы `auth_group_permissions`
--
ALTER TABLE `auth_group_permissions`
  ADD CONSTRAINT `group_id_refs_id_3cea63fe` FOREIGN KEY (`group_id`) REFERENCES `auth_group` (`id`),
  ADD CONSTRAINT `permission_id_refs_id_5886d21f` FOREIGN KEY (`permission_id`) REFERENCES `auth_permission` (`id`);

--
-- Ограничения внешнего ключа таблицы `auth_message`
--
ALTER TABLE `auth_message`
  ADD CONSTRAINT `user_id_refs_id_650f49a6` FOREIGN KEY (`user_id`) REFERENCES `auth_user` (`id`);

--
-- Ограничения внешнего ключа таблицы `auth_permission`
--
ALTER TABLE `auth_permission`
  ADD CONSTRAINT `content_type_id_refs_id_728de91f` FOREIGN KEY (`content_type_id`) REFERENCES `django_content_type` (`id`);

--
-- Ограничения внешнего ключа таблицы `auth_user_groups`
--
ALTER TABLE `auth_user_groups`
  ADD CONSTRAINT `group_id_refs_id_f116770` FOREIGN KEY (`group_id`) REFERENCES `auth_group` (`id`),
  ADD CONSTRAINT `user_id_refs_id_7ceef80f` FOREIGN KEY (`user_id`) REFERENCES `auth_user` (`id`);

--
-- Ограничения внешнего ключа таблицы `auth_user_user_permissions`
--
ALTER TABLE `auth_user_user_permissions`
  ADD CONSTRAINT `permission_id_refs_id_67e79cb` FOREIGN KEY (`permission_id`) REFERENCES `auth_permission` (`id`),
  ADD CONSTRAINT `user_id_refs_id_dfbab7d` FOREIGN KEY (`user_id`) REFERENCES `auth_user` (`id`);

--
-- Ограничения внешнего ключа таблицы `cart_order`
--
ALTER TABLE `cart_order`
  ADD CONSTRAINT `user_id_refs_id_52e4a147` FOREIGN KEY (`user_id`) REFERENCES `auth_user` (`id`);

--
-- Ограничения внешнего ключа таблицы `cart_orderoption`
--
ALTER TABLE `cart_orderoption`
  ADD CONSTRAINT `order_id_refs_id_30b66738` FOREIGN KEY (`order_id`) REFERENCES `cart_order` (`id`);

--
-- Ограничения внешнего ключа таблицы `crop_crop`
--
ALTER TABLE `crop_crop`
  ADD CONSTRAINT `frame_id_refs_id_12ccab52` FOREIGN KEY (`frame_id`) REFERENCES `common_frames` (`id`),
  ADD CONSTRAINT `img_size_id_refs_id_217421de` FOREIGN KEY (`img_size_id`) REFERENCES `crop_cropsize` (`id`),
  ADD CONSTRAINT `img_stretch_id_refs_id_4ea590f4` FOREIGN KEY (`img_stretch_id`) REFERENCES `common_stretch` (`id`),
  ADD CONSTRAINT `packaging_id_refs_id_653158e8` FOREIGN KEY (`packaging_id`) REFERENCES `common_packaging` (`id`),
  ADD CONSTRAINT `user_id_refs_id_35e705a` FOREIGN KEY (`user_id`) REFERENCES `auth_user` (`id`);

--
-- Ограничения внешнего ключа таблицы `django_admin_log`
--
ALTER TABLE `django_admin_log`
  ADD CONSTRAINT `content_type_id_refs_id_288599e6` FOREIGN KEY (`content_type_id`) REFERENCES `django_content_type` (`id`),
  ADD CONSTRAINT `user_id_refs_id_c8665aa` FOREIGN KEY (`user_id`) REFERENCES `auth_user` (`id`);

--
-- Ограничения внешнего ключа таблицы `django_flatpage_sites`
--
ALTER TABLE `django_flatpage_sites`
  ADD CONSTRAINT `flatpage_id_refs_id_3f17b0a6` FOREIGN KEY (`flatpage_id`) REFERENCES `django_flatpage` (`id`),
  ADD CONSTRAINT `site_id_refs_id_4e3eeb57` FOREIGN KEY (`site_id`) REFERENCES `django_site` (`id`);

--
-- Ограничения внешнего ключа таблицы `gallery_images`
--
ALTER TABLE `gallery_images`
  ADD CONSTRAINT `album_id_refs_id_2e2e3bbf` FOREIGN KEY (`album_id`) REFERENCES `gallery_album` (`id`);

--
-- Ограничения внешнего ключа таблицы `mosaic_mosaic`
--
ALTER TABLE `mosaic_mosaic`
  ADD CONSTRAINT `frame_id_refs_id_539282de` FOREIGN KEY (`frame_id`) REFERENCES `common_frames` (`id`),
  ADD CONSTRAINT `img_size_id_refs_id_4bfc4cf6` FOREIGN KEY (`img_size_id`) REFERENCES `mosaic_mosaicsize` (`id`),
  ADD CONSTRAINT `packaging_id_refs_id_4727e15c` FOREIGN KEY (`packaging_id`) REFERENCES `common_packaging` (`id`),
  ADD CONSTRAINT `user_id_refs_id_46b8588a` FOREIGN KEY (`user_id`) REFERENCES `auth_user` (`id`);

--
-- Ограничения внешнего ключа таблицы `puzzle_puzzle`
--
ALTER TABLE `puzzle_puzzle`
  ADD CONSTRAINT `frame_id_refs_id_440b29da` FOREIGN KEY (`frame_id`) REFERENCES `common_frames` (`id`),
  ADD CONSTRAINT `img_size_id_refs_id_1a5fc82a` FOREIGN KEY (`img_size_id`) REFERENCES `puzzle_puzzlesize` (`id`),
  ADD CONSTRAINT `img_stretch_id_refs_id_a88c608` FOREIGN KEY (`img_stretch_id`) REFERENCES `common_stretch` (`id`),
  ADD CONSTRAINT `packaging_id_refs_id_1d4661ec` FOREIGN KEY (`packaging_id`) REFERENCES `common_packaging` (`id`),
  ADD CONSTRAINT `user_id_refs_id_304c482e` FOREIGN KEY (`user_id`) REFERENCES `auth_user` (`id`);

/*!40101 SET CHARACTER_SET_CLIENT=@OLD_CHARACTER_SET_CLIENT */;
/*!40101 SET CHARACTER_SET_RESULTS=@OLD_CHARACTER_SET_RESULTS */;
/*!40101 SET COLLATION_CONNECTION=@OLD_COLLATION_CONNECTION */;
